id	long	lat	nombre	sucursal	telefonos	mail	calle	altura	piso_dpto	calle_cruce	barrio	comuna	codigo_postal	codigo_postal_argentino
787	-58.3711538495153	-34.6027372335125	Banco Del Sol	Sucursal - Casa Central	4314-0936	buzon@bdsol.com.ar	25 DE MAYO	432	PISO 9		San Nicolas	1	1002	C1002ABJ
784	-58.3711834237737	-34.6013564945254	Banco Bradesco Argentina S. A.	Sucursal - Casa Central	4114-6111		25 DE MAYO	555			San Nicolas	1	1002	C1002ABK
777	-58.3712262926671	-34.6017874472069	C. C. C. La Capital Del Plata Ltda.	Sucursal - Casa Matriz	5252-0100		25 DE MAYO	522			San Nicolas	1	1002	C1002ABL
764	-58.3711710296084	-34.602506955372	Banco Formosa	Sucursal - Buenos Aires	5254-9060		25 DE MAYO	454			San Nicolas	1	1002	C1002ABJ
756	-58.3712382174527	-34.6016276392146	Banco De Inversion Y Comercio Exterior	Sucursal - Sede Central	5217-4700/4317-6900	mendoncf@piano.com.ar	25 DE MAYO	526			San Nicolas	1	1002	C1002ABL
719	-58.3711161330382	-34.6022798799004	Bnp Paribas	Sucursal  - Central	4318-0318		25 DE MAYO	471			San Nicolas	1	1002	C1002ABI
717	-58.3708853077048	-34.6055136157596	The Bank Of New York Mellon	Sucursal - Buenos Aires	4342-8837		25 DE MAYO	195			San Nicolas	1	1002	C1002ABC
580	-58.3709501109244	-34.6046254984384	Banco Chubut	Sucursal - Buenos Aires	4331-7979		25 DE MAYO	273	PB		San Nicolas	1	1002	C1002ABE
504	-58.3709250172114	-34.6061642201053	Banco Santander Rio	Sucursal 201 - 25 De Mayo	4341-3126/4341-3128/4341-3129/4341-3130/4341-3131		25 DE MAYO	140			San Nicolas	1	1002	C1002ABD
44	-58.3710354705766	-34.604424709379	Banco Ciudad De Buenos Aires	Sucursal 46 - Micro Centro	4342-2668/4342-6269		25 DE MAYO	294			San Nicolas	1	1002	C1002ABF
36	-58.4367884302826	-34.617453317242	Banco Ciudad De Buenos Aires	Sucursal 33 - Caballito	4904-1082/4902-1947	suc33@bancociudad.com.ar	ACOYTE AV.	71			Caballito	6	1405	C1405BFA
724	-58.3973711911247	-34.5871312902149	Bnp Paribas	Sucursal - La Isla	4804-0441		AGOTE LUIS DR.	2202			Recoleta	2	1425	C1425EOB
384	-58.5073848939636	-34.655595183244	Bbva Banco Frances	Sucursal 328 - Mataderos	4686-1395/4687-2064/4687-2164/4687-2364		ALBERDI JUAN B.	6401			Mataderos	9	1440	C1440ABC
776	-58.5036641881944	-34.6525246360938	Compañia Financiera Argentina	Sucursal - Mataderos	4682-5998		ALBERDI JUAN BAUTISTA AV	5943			Mataderos	9	1440	C1440AAK
689	-58.5154437877147	-34.6607313795436	Banco Itau	Sucursal 038 - Mataderos	4687-6162/4687-6362/4687-6462		ALBERDI JUAN BAUTISTA AV	7283			Mataderos	9	1440	C1440ABK
688	-58.5039479319386	-34.6527959666476	Banco Itau	Sucursal 030 - Mataderos	4635-5797/4635-5806/4635-5807		ALBERDI JUAN BAUTISTA AV	5985			Mataderos	9	1440	C1440AAK
651	-58.5035916749446	-34.652863528907	Banco Credicoop Cooperativo Limitado	Sucursal 50 - Mataderos	4687-6154		ALBERDI JUAN BAUTISTA AV	5964			Mataderos	9	1440	C1440AAX
615	-58.5168917185057	-34.6615490301836	Hsbc Bank Argentina S. A.	Sucursal - Mataderos	4687-9203/4687-9313/4687-9413		ALBERDI JUAN BAUTISTA AV	7401			Mataderos	9	1440	C1440ABM
565	-58.5031383931186	-34.6524300732914	Banco Macro	Sucursal - Mataderos			ALBERDI JUAN BAUTISTA AV	5902			Mataderos	9	1440	C1440AAX
470	-58.5060033443061	-34.6547858542839	Banco Santander Rio	Sucursal 26 - Mataderos	4110-1800		ALBERDI JUAN BAUTISTA AV	6224			Mataderos	9	1440	C1440ABN
452	-58.4513059997055	-34.6270122157741	Banco Santander Rio	Sucursal 226 - Pedro Goyena	4116-1400		ALBERDI JUAN BAUTISTA AV	1617			Caballito	6	1406	C1406GRF
316	-58.5017153874862	-34.6509965977268	Standard Bank	Sucursal 513 - Mataderos	4682-4435/4682-5502/4682-9231/4682-5178/4683-4240		ALBERDI JUAN BAUTISTA AV	5754			Mataderos	9	1440	C1440AAV
253	-58.5028284945761	-34.6517433834649	Banco Galicia	Sucursal 28 - Mataderos Norte	4635-6576/4635-3652/4635-2846/4683-3831		ALBERDI JUAN BAUTISTA AV	5859			Mataderos	9	1440	C1440AAJ
222	-58.4960990872432	-34.6458202504396	Banco Patagonia	Sucursal 26 - Villa Luro	4683-2706/4683-2806/4683-3048/4635-4091		ALBERDI JUAN BAUTISTA AV	5002			Mataderos	9	1440	C1440AAO
155	-58.50645257268	-34.6549058394935	Banco De La Provincia De Buenos Aires	Sucursal 13 - Mataderos	4687-2309/4687-2245/4687-2075		ALBERDI JUAN BAUTISTA AV	6299			Mataderos	9	1440	C1440ABA
94	-58.5081650311696	-34.656381052347	Banco De La Nacion Argentina	Sucursal - Nueva Chicago	4687-1387		ALBERDI JUAN BAUTISTA AV	6502			Mataderos	9	1440	C1440ABQ
45	-58.5018748494122	-34.65090492578	Banco Ciudad De Buenos Aires	Sucursal 47 - Alberdi	4682-3092/3094/3110		ALBERDI, JUAN BAUTISTA AV.	5765			Mataderos	9	1440	C1440AAI
37	-58.5089596052193	-34.6567180366866	Banco Ciudad De Buenos Aires	Sucursal 36 - Mataderos	4687-0126/4687-0132	suc36@bancociudad.com.ar	ALBERDI, JUAN BAUTISTA AV.	6601			Mataderos	9	1440	C1440ABE
761	-58.3731780306644	-34.5943600003697	Banco Privado De Inversiones S. A.	Sucursal - Casa Central	4318-7300		ALEM LEANDRO N AV	1110			Retiro	1	1001	C1001AAT
722	-58.371382313391	-34.5979245205818	Bnp Paribas	Sucursal - Catalinas	4311-3259		ALEM LEANDRO N AV	855			Retiro	1	1001	C1001AAD
720	-58.3705300648991	-34.6022445022003	Bnp Paribas	Sucursal - Alem	4318-0318		ALEM LEANDRO N AV	456			San Nicolas	1	1003	C1003AAR
707	-58.3717323761075	-34.5974212237997	Banco Itau	Sucursal 075 - Alem	5218-7434/4313-1394		ALEM LEANDRO N AV	886			Retiro	1	1001	C1001AAQ
604	-58.3726345314691	-34.5954667565507	Hsbc Bank Argentina S. A.	Sucursal - Catalinas	4313-1089		ALEM LEANDRO N AV	1058			Retiro	1	1001	C1001AAS
594	-58.3705038407029	-34.5999853854873	Hsbc Bank Argentina S. A.	Sucursal - Alem	4314-0067		ALEM LEANDRO N AV	653			San Nicolas	1	1001	C1001AAB
423	-58.3722776795927	-34.5959415194657	Bbva Banco Frances	Sucursal 316 - Retiro	4311-2202/4311-5927/4311-5928		ALEM LEANDRO N AV	996			Retiro	1	1001	C1001AAR
325	-58.3727573813654	-34.5952165557551	Standard Bank	Sucursal 530 - Catalinas	4313-2680/4313-2814/4313-2820/4313-1432/4313-1437		ALEM LEANDRO N AV	1064			Retiro	1	1001	C1001AAS
299	-58.3720329254374	-34.5967554462525	Banco Galicia	Sucursal 327 - Retiro	4314-0327/4314-0329		ALEM LEANDRO N AV	910			Retiro	1	1001	C1001AAR
276	-58.3704749336943	-34.6000993851962	Banco Galicia	Sucursal 145 - Leandro N Alem	4312-6940/4312-7624/4315-9039		ALEM LEANDRO N AV	651			San Nicolas	1	1001	C1001AAB
269	-58.3736810244165	-34.5939470985942	Banco Galicia	Sucursal 99 - Catalinas	4311-0580/4311-0671/4311-0683/4311-0687		ALEM LEANDRO N AV	1190			Retiro	1	1001	C1001AAT
29	-58.3723504933183	-34.5957989108671	Banco Ciudad De Buenos Aires	Sucursal 23 - Catalinas	4311-9825/4311-7121	suc23@bancociudad.com.ar	ALEM, LEANDRO N. AV.	1051			Retiro	1	1001	C1001AAF
159	-58.3876541414392	-34.6112305028103	Banco De La Provincia De Buenos Aires	Sucursal 16  - Monserrat	4372-0606/4372-5412/4373-5700/4373-4451/4373-5012		ALSINA	1502			Monserrat	1		
101	-58.3856540398464	-34.6110931269295	Banco De La Nacion Argentina	Sucursal - Montserrat	4383-7995		ALSINA	1356			Monserrat	1		
665	-58.4651523733345	-34.60242585351	Banco Credicoop Cooperativo Limitado	Sucursal 43 - Villa Mitre	4581-7020/4581-8011		ALVAREZ DONATO TTE. GRAL.	2137			Paternal	15	1416	C1416BTK
467	-58.5025036347459	-34.6181071277542	Banco Santander Rio	Sucursal 20 - Floresta	4118-0400		ALVAREZ JONTE	4502			Monte Castro	10	1407	C1407GOZ
434	-58.5111954789499	-34.6238226964675	Bbva Banco Frances	Sucursal 107 - Villa Luro	4566-7271/4566-8212/4568-8334/4568-8517/4639-2057		ALVAREZ JONTE	5255			Monte Castro	10	1407	C1407GPG
224	-58.5052274471113	-34.6195204126377	Banco Patagonia	Sucursal 112 - Alvarez Jonte	4568-2708/4639-5141/4639-9692/4639-2828		ALVAREZ JONTE	4740			Monte Castro	10	1407	C1407GPO
161	-58.5113876257229	-34.6239918291284	Banco De La Provincia De Buenos Aires	Sucursal 25  - Alvarez Jonte	4566-5209/4566-5658/4567-1498		ALVAREZ JONTE	5269			Monte Castro	10	1407	C1407GPG
95	-58.5114834173059	-34.6241856943262	Banco De La Nacion Argentina	Sucursal - Monte Castro	4639-5908		ALVAREZ JONTE	5298			Monte Castro	10	1407	C1407GPT
136	-58.4692298695038	-34.5786913769345	Banco De La Nacion Argentina	Sucursal - Villa Ortuzar	4555-6221		ALVAREZ THOMAS AV	1994			Villa Ortuzar	15	1427	C1427CDT
85	-58.458435099803	-34.5784889713264	Banco De La Nacion Argentina	Sucursal - Avda. Alvarez Thomas	4552-6507		ALVAREZ THOMAS AV	1198			Chacarita	15	1427	C1427CCY
419	-58.3852740961717	-34.5902770555197	Bbva Banco Frances	Sucursal 313 - Recoleta	4815-4566/4815-5517/4815-5417/4815-1053		ALVEAR	1528			Retiro	1	1014	C1014AAP
721	-58.3834741793196	-34.5912528417695	Bnp Paribas	Sucursal - Alvear	4816-5333		ALVEAR AV	1301			Retiro	1	1014	C1014AAA
111	-58.3896668132743	-34.5874439936925	Banco De La Nacion Argentina	Sucursal - Avda. Alvear	4804-2695		ALVEAR AV	1936			Recoleta	2	1129	C1129AAO
236	-58.3765483584859	-34.5963048495567	Banco Galicia	Sucursal 10 - Plaza San Martin	4312-8735/4313-1429/4311-0381/4312-6213		ALVEAR MARCELO T. DE	670			Retiro	1	1058	C1058AAH
782	-58.3771825332606	-34.5943020507585	American Express Bank Ltd S. A.	Sucursal - Casa Central	4310-3000		ARENALES	707			Retiro	1	1061	C1061AAA
410	-58.4356221872683	-34.6345269836767	Bbva Banco Frances	Sucursal 1 - Parque Chacabuco	4921-6310/4921-4884/4922-2744/4923-6701		ASAMBLEA	695			Parque Chacabuco	7	1424	C1424COH
165	-58.4363183888726	-34.6346588093042	Banco De La Provincia De Buenos Aires	Sucursal 27 - Parque Chacabuco	4923-8778/4923-6382/4923-8800/4924-2762		ASAMBLEA	821			Parque Chacabuco	7	1424	C1424COJ
46	-58.4345849214168	-34.6344788927196	Banco Ciudad De Buenos Aires	Sucursal 50 - Parque Chacabuco	4924-2593/4924-2580		ASAMBLEA AV.	642			Parque Chacabuco	7	1424	C1424COU
462	-58.5129575389816	-34.6019465863111	Banco Santander Rio	Sucursal 119 - Devoto	4110-6600		ASUNCION	4189			Villa Devoto	11	1419	C1419HGS
379	-58.47890000221	-34.6283929139166	Bbva Banco Frances	Sucursal 143 - Floresta	4613-0237/4613-0915/4613-6274		AVELLANEDA	3508			Floresta	10	1407	C1407EJP
654	-58.4007991548738	-34.6057612779498	Banco Credicoop Cooperativo Limitado	Sucursal 26 - Once	4952-2233		AZCUENAGA	322			Balvanera	3	1029	C1029AAH
141	-58.4008476006257	-34.6029442464482	Banco De La Provincia De Buenos Aires	Sucursal 26 - Azcuenaga	4952-6953/4952-0322		AZCUENAGA	543			Balvanera	3	1029	C1029AAK
96	-58.3679200104676	-34.6116607077429	Banco De La Nacion Argentina	Sucursal - Aduana	4342-9117		AZOPARDO	350			Monserrat	1	1107	C1107ADD
662	-58.4892425956864	-34.5550579565468	Banco Credicoop Cooperativo Limitado	Sucursal 42 - Saavedra	4542-5456		BALBIN RICARDO DR AV	4130			Saavedra	12	1430	C1430AAZ
235	-58.4851094147567	-34.5547440557946	Banco Galicia	Sucursal 09 - Saavedra	4541-8292/4541-6568/4544-5343		BALBIN RICARDO DR AV.	3899			Saavedra	12	1430	C1430AAJ
270	-58.4246170824703	-34.6507133583898	Banco Galicia	Sucursal 126 - Centenera	4918-9921/4918-1423/4918-1452/4918-1477		BARCO CENTENERA DEL	2933			Nueva Pompeya	4	1437	C1437ACB
747	-58.5246356449289	-34.6136115282226	Banco Comafi	Sucursal - Devoto	4639-1024		BEIRO FRANCISCO	5265			Villa Devoto	11	1419	C1419IAB
637	-58.5020118961472	-34.599740867408	Hsbc Bank Argentina S. A.	Sucursal - Agencia General Villa Devoto	4505-0975/4504-0252		BEIRO FRANCISCO	3491			Villa Devoto	11	1419	C1419HYI
561	-58.5034648329883	-34.6006358711072	Banco Macro	Sucursal - Devoto			BEIRO FRANCISCO	3599			Villa Devoto	11	1419	C1419HYJ
550	-58.497797625497	-34.5972691597453	Banco Supervielle	Sucursal - Villa Devoto	4501-4143/4501-8538/4502-5200	villadevoto@supervielle.com.ar	BEIRO FRANCISCO	3180			Villa Del Parque	11	1419	C1419HYS
461	-58.5241660807957	-34.6134891506745	Banco Santander Rio	Sucursal 58 - Beiro	4116-7700		BEIRO FRANCISCO	5248			Villa Devoto	11	1419	C1419IAO
431	-58.5123902146481	-34.606142591426	Bbva Banco Frances	Sucursal 114 - Villa Devoto	4504-8162/4504-8163/4504-8164/4504-8165		BEIRO FRANCISCO	4359			Villa Devoto	11	1419	C1419HZF
331	-58.5130313792326	-34.6066963930544	Standard Bank	Sucursal 928 - Villa Devoto	4502-9311		BEIRO FRANCISCO	4410			Villa Devoto	11	1419	C1419HZT
279	-58.5249077893548	-34.6137755102372	Banco Galicia	Sucursal 154 - Villa Devoto Sud	4568-2998/4568-7311/4639-5894		BEIRO FRANCISCO	5289			Villa Devoto	11	1419	C1419IAB
258	-58.5109757534502	-34.6052517899003	Banco Galicia	Sucursal 35 - Villa Devoto	4501-2237/4501-6822/4501-6393		BEIRO FRANCISCO	4229			Villa Devoto	11	1419	C1419HZE
193	-58.5272278260748	-34.615545518088	Banco Patagonia	Sucursal 18 - Beiro	4568-5288/4568-5291		BEIRO FRANCISCO	5491			Villa Real	10	1419	C1419IAD
179	-58.523728529507	-34.6132224417536	Banco De La Provincia De Buenos Aires	Delegacion 35 - Francisco Beiro	4639-9211/4639-9210		BEIRO FRANCISCO AV	5220			Villa Devoto	11	1419	C1419IAO
133	-58.5243536357217	-34.6136021394899	Banco De La Nacion Argentina	Sucursal - Villa Devoto	4568-1579		BEIRO FRANCISCO AV	5258			Villa Devoto	11	1419	C1419IAO
24	-58.5257171465469	-34.614369312375	Banco Ciudad De Buenos Aires	Sucursal 19 - Villa Real	4568-1747/4568-1549	suc19@bancociudad.com.ar	BEIRO, FRANCISCO AV.	5327			Villa Real	10	1419	C1419IAC
528	-58.3913024609966	-34.613703073365	Banco Supervielle	Sucursal - Congreso	4374-8219/4374-8089/4372-6805	congreso@supervielle.com.ar	BELGRANO	1783			Monserrat	1	1093	C1093AAF
471	-58.380092440465	-34.6130959124505	Banco Santander Rio	Sucursal 5 - Monserrat	4118-0000		BELGRANO	980			Monserrat	1	1092	C1092AAW
426	-58.3759343686323	-34.6128207048054	Bbva Banco Frances	Sucursal 182 - San Telmo	4345-2577/4345-2748/4345-2816/4345-2834		BELGRANO	698			Monserrat	1	1092	C1092AAT
292	-58.380222073456	-34.6131039226942	Banco Galicia	Sucursal 243 - Avenida Belgrano	4331-1265/4331-1274		BELGRANO	992			Monserrat	1	1092	C1092AAW
40	-58.3906576368128	-34.6136645986685	Banco Ciudad De Buenos Aires	Sucursal 39 - San Cristobal	4382-4884/4033	suc39@bancociudad.com.ar	BELGRANO AV.	1715			Monserrat	1	1093	C1093AAF
26	-58.4855709706781	-34.5751146260113	Banco Ciudad De Buenos Aires	Centro Recaudador			BLANCO ENCALADA	5016			Villa Urquiza	12	1431	C1431CDN
522	-58.4165431914796	-34.6214452762229	Banco Supervielle	Sucursal - Boedo	4324-8656/4324-8658/4324-8659	boedo@supervielle.com.ar	BOEDO	729			Boedo	5	1218	C1218AAD
450	-58.4162705150944	-34.6225944044151	Banco Santander Rio	Sucursal 162 - Boedo	4110-7200		BOEDO	802			Boedo	5	1218	C1218AAR
146	-58.4162942794095	-34.6223486804128	Banco De La Provincia De Buenos Aires	Sucursal 6 - Boedo	4931-5114/4931-1734/4957-5933/4957-5934/4957-2826		BOEDO	800			Boedo	5	1218	C1218AAQ
50	-58.416201567412	-34.6233229605487	Banco Ciudad De Buenos Aires	Sucursal 56 - Boedo	4931-2187/4957-5676	suc56@bancociudad.com.ar	BOEDO AV.	874			Boedo	5	1218	C1218AAR
591	-58.3691348735398	-34.6014704649381	Banco B I Credistanstal S. A.	Casa Matriz	4319-8400		BOUCHARD	547	PISO 24 Y 25		San Nicolas	1	1106	C1106ABG
89	-58.457057584563	-34.6263212622557	Banco De La Nacion Argentina	Sucursal - Avda. Boyaca			BOYACA	32			Flores	7	1406	C1406BGB
606	-58.3825298770976	-34.6278077871936	Hsbc Bank Argentina S. A.	Sucursal - Constitucion / Plaza	4304-0376/4304-0182/4305-5375/4305-5738		BRASIL	1199			Constitucion	1	1154	C1154AAS
380	-58.3605581076732	-34.6322734290031	Bbva Banco Frances	Sucursal 3 - La Boca	4361-3012/4361-4230/4361-5592/4362-9806/4362-8956		BROWN ALTE AV	826			Boca	4	1159	C1159ABN
92	-58.3593901199226	-34.634655002889	Banco De La Nacion Argentina	Sucursal - Boca Del Riachuelo	4302-5532		BROWN ALTE AV	1101			Boca	4	1159	C1159ABD
669	-58.4905843700136	-34.5735263787794	Banco Credicoop Cooperativo Limitado	Sucursal 57 - Villa Urquiza	4521-0048		BUCARELLI	2696			Villa Urquiza	12	1431	C1431DRF
288	-58.4253375916846	-34.5749258802865	Banco Galicia	Sucursal 212 - Jumbo Palermo	4777-9392/4777-8986/4777-9298		BULLRICH INT AV	345			Palermo	14	1425	C1425FTD
758	-58.4478445838317	-34.5683488250535	Banco Piano	Sucursal - Belgrano	4782-4127/4782-4245/4782-0116/4784-3312/4783-2725	Blanco@piano.com.ar	CABILDO	1181			Palermo	14	1426	C1426AAL
695	-58.4683883208428	-34.548917963275	Banco Itau	Sucursal 036 - Nuñez	4702-2345/4702-2331		CABILDO	3702			Saavedra	12	1429	C1429AAV
684	-58.4464187679166	-34.5693261576728	Banco Itau	Sucursal 016 - Colegiales	4781-3245/4781-3244/4781-3265		CABILDO	1000			Colegiales	13	1426	C1426AAW
675	-58.4575849908298	-34.560804320459	Banco Itau	Sucursal 005 - Belgrano	4782-6740/4785-5471/4785-5489		CABILDO	2215			Belgrano	13	1428	C1428AAE
653	-58.4628453613311	-34.5549387620805	Banco Credicoop Cooperativo Limitado	Sucursal 2 - Nuñez	4701-9339		CABILDO	2945			Nuñez	13	1429	C1429AAA
642	-58.4515032161337	-34.5666523978387	Banco Credicoop Cooperativo Limitado	Sucursal 226 - Belgrano	4780-1212		CABILDO	1546			Colegiales	13	1426	C1426ABP
619	-58.46456975919	-34.5536830935726	Hsbc Bank Argentina S. A.	Sucursal - Nuñez	4544-2661/4544-2093/4545-6011/4546-0376/4546-0379		CABILDO	3096			Nuñez	13	1429	C1429AAO
602	-58.4452612481208	-34.5696392240306	Hsbc Bank Argentina S. A.	Sucursal - Cabildo	4772-7909/4772-3676/4772-4165/4773-5057		CABILDO	867			Palermo	14	1426	C1426AAI
600	-58.4544447542999	-34.5648326622407	Hsbc Bank Argentina S. A.	Sucursal - Belgrano Pampa	4787-2037/4787-2137/4787-2237/4787-2337/4787-2437		CABILDO	1802			Belgrano	13	1428	C1428AAN
599	-58.4594839189514	-34.5585970723448	Hsbc Bank Argentina S. A.	Sucursal - Belgrano	5789-2900		CABILDO	2453			Belgrano	13	1428	C1428AAG
590	-58.4586973618888	-34.5595029131273	Banco Columbia	Sucursal - Belgrano	4784-7440/4784-6272/4784-9944/4784-0224/4784-0062		CABILDO	2359			Belgrano	13	1428	C1428AAF
559	-58.4454745257075	-34.5697913849153	Banco Macro	Sucursal - Colegiales			CABILDO	850			Colegiales	13	1426	C1426AAV
527	-58.4468179309943	-34.5691302036215	Banco Supervielle	Sucursal - Colegiales	4789-0977/4789-0545/4789-0546	colegiales@supervielle.com.ar	CABILDO	1020			Colegiales	13	1426	C1426AAX
496	-58.4737819722426	-34.5417663657071	Banco Santander Rio	Sucursal 170 - Saavedra	4118-6800		CABILDO	4664			Saavedra	12	1429	C1429ABR
474	-58.4658622964119	-34.5515981998139	Banco Santander Rio	Sucursal 372 - Nueva Nuñez	4109-5500		CABILDO	3349			Nuñez	13	1429	C1429AAE
459	-58.4444794100381	-34.5700252868723	Banco Santander Rio	Sucursal 35 - Colegiales	4118-0700		CABILDO	769			Palermo	14	1426	C1426AAH
456	-58.4466448558786	-34.5689614610214	Banco Santander Rio	Sucursal 406 - Aguilar	5288-3300		CABILDO	1021			Palermo	14	1426	C1426AAK
455	-58.4617189285196	-34.5565760053143	Banco Santander Rio	Sucursal 407 - Altos De Belgrano	5554-4600		CABILDO	2754			Belgrano	13	1428	C1428AAW
447	-58.4596611636873	-34.5583940401928	Banco Santander Rio	Sucursal 14 - Belgrano	4118-0200		CABILDO	2491			Belgrano	13	1428	C1428AAG
445	-58.4534561862096	-34.5653225216131	Banco Santander Rio	Sucursal 187 - Av. Cabildo	4118-3800		CABILDO	1741			Belgrano	13	1426	C1426ABE
402	-58.467691996397	-34.5497879612904	Bbva Banco Frances	Sucursal 356 - Nuñez	4702-6115/4702-6975		CABILDO	3622			Nuñez	13	1429	C1429AAU
365	-58.4539164912878	-34.5652772685399	Bbva Banco Frances	Sucursal 101 - Belgrano	4784-9109/4783-4464		CABILDO	1732			Belgrano	13	1426	C1426ABR
345	-58.4532533229619	-34.5654409402233	Citibank	Sucursal - Jose Hernandez			CABILDO	1717			Belgrano	13	1426	C1426ABE
339	-58.4585827917662	-34.5596355965698	Citibank	Sucursal - Belgrano			CABILDO	2347			Belgrano	13	1428	C1428AAF
318	-58.4651783718626	-34.5524492959354	Standard Bank	Sucursal 929 - Nuñez	4703-5002/4703-5006/4703-5530/4702-6353/4701-0855		CABILDO	3223			Nuñez	13	1429	C1429AAD
308	-58.4540294758376	-34.5651916956621	Standard Bank	Sucursal 918 - Nueva Belgrano	4783-3027/4783-3028/4781-9135		CABILDO	1750			Belgrano	13	1426	C1426ABR
306	-58.444305127914	-34.5701108670676	Standard Bank	Sucursal 529 - Av. Cabildo	4776-1476/4776-1529		CABILDO	745			Palermo	14	1426	C1426AAH
300	-58.4545834742822	-34.5646715857642	Banco Galicia	Sucursal 338 - Plaza Juramento	4787-0269/4787-0597/4787-3854/4784-7083		CABILDO	1828			Belgrano	13	1428	C1428AAN
273	-58.461780358309	-34.5565101902204	Banco Galicia	Sucursal 130 - Belgrano Norte	4786-8111/4786-8211/4782-4278		CABILDO	2762			Belgrano	13	1428	C1428AAW
272	-58.4458932558451	-34.5693304732829	Banco Galicia	Sucursal 128 - Belgrano Sud	4784-5487/4786-7368/4786-7417		CABILDO	935			Palermo	14	1426	C1426AAJ
198	-58.4476215403879	-34.5684628101681	Banco Patagonia	Sucursal 147 - Cabildo	4788-6424/4788-4135		CABILDO	1159			Palermo	14	1426	C1426AAL
194	-58.4552770790183	-34.5634932193549	Banco Patagonia	Sucursal 316 - Belgrano	4781-9080/4781-1080/4786-4319		CABILDO	1939			Belgrano	13	1428	C1428AAB
171	-58.4690258276593	-34.5481156279809	Banco De La Provincia De Buenos Aires	Sucursal 29 - Nuñez	4701-7477/4701-7552/4702-9624/4702-4992		CABILDO	3802			Saavedra	12	1429	C1429AAW
144	-58.4556633329041	-34.5630447814079	Banco De La Provincia De Buenos Aires	Sucursal 3 - Belgrano	4781-7607/4781-1434/4781-2431/4781-7179/4781-6151		CABILDO	1999			Belgrano	13	1428	C1428AAB
103	-58.4628419914004	-34.5554060415704	Banco De La Nacion Argentina	Sucursal - Cabildo	4544-2195		CABILDO	2902			Nuñez	13	1429	C1429AAN
79	-58.4551061686633	-34.5640652668977	Banco De La Nacion Argentina	Sucursal - Belgrano	4511-1223		CABILDO	1900			Belgrano	13	1428	C1428AAN
57	-58.443732961678	-34.570644299002	Banco Ciudad De Buenos Aires	Sucursal 67 - Colegiales	4773-1620/1622	suc67@bancociudad.com.ar	CABILDO AV.	690			Colegiales	13	1426	C1426AAT
31	-58.4574637509892	-34.5609468647805	Banco Ciudad De Buenos Aires	Sucursal 26 - Belgrano	4783-3519/4785-8869	suc26@bancociudad.com.ar	CABILDO AV.	2201			Belgrano	13	1428	C1428AAE
10	-58.463980942015	-34.5538251712806	Banco Ciudad De Buenos Aires	Sucursal 08 - Nuñez	4701-4808/4702-6577	suc08@bancociudad.com.ar	CABILDO AV.	3061			Nuñez	13	1429	C1429AAB
160	-58.5064917634784	-34.6260006389056	Banco De La Provincia De Buenos Aires	Anexo Operativo Alvarez Jonte			CALDERON DE LA BARCA PEDRO	1462			Monte Castro	10	1407	C1407KQD
745	-58.3919967192323	-34.6070231797271	Banco Comafi	Sucursal - Congreso	4372-2517		CALLAO	169			San Nicolas	1	1022	C1022AAB
743	-58.3930140421876	-34.5941533331037	Banco Comafi	Sucursal - Callao	4813-4666		CALLAO	1279			Recoleta	2	1023	C1023AAF
732	-58.39013138602	-34.5900526200453	Bnp Paribas	Sucursal - Agencia Recoleta	4809-3703		CALLAO	1690			Recoleta	2	1024	C1024AAP
703	-58.3932016961496	-34.5940104454822	Banco Itau	Sucursal 059 - Callao	5218-7432/4814-0970		CALLAO	1270			Recoleta	2	1023	C1023AAS
626	-58.3905792609308	-34.5906962194901	Hsbc Bank Argentina S. A.	Sucursal - Recoleta	4816-5127		CALLAO	1631			Recoleta	2	1024	C1024AAC
560	-58.3922664820401	-34.6060284479877	Banco Macro	Sucursal - Congreso			CALLAO	264			Balvanera	3	1022	C1022AAP
545	-58.3871034690334	-34.587666877564	Banco Supervielle	Sucursal - Recoleta	4811-3250/4813-3660/4814-1958	recoleta@supervielle.com.ar	CALLAO	1991			Recoleta	2	1024	C1024AAF
518	-58.3931162054229	-34.5969875771128	Banco Supervielle	Sucursal - Barrio Norte	4812-2211/4813-5195/4813-6801	barrionorte@supervielle.com.ar	CALLAO	1021			Recoleta	2	1023	C1023AAD
491	-58.3885016086006	-34.5888253554347	Banco Santander Rio	Sucursal 203 - Quintana	4110-6500		CALLAO	1833			Recoleta	2	1024	C1024AAE
415	-58.3918958450582	-34.5918974118051	Bbva Banco Frances	Sucursal 23 - Recoleta	4801-3034/4801-3688/4805-3295/4805-3296/4805-4060		CALLAO	1499			Recoleta	2	1024	C1024AAA
396	-58.392059501892	-34.6061189880968	Bbva Banco Frances	Sucursal 346 - Microcentro	4373-7458/4373-7467/4373-7472/4373-7475		CALLAO	257			San Nicolas	1	1022	C1022AAC
335	-58.3879720061073	-34.5881170582706	Citibank	Sucursal - Av. Alvear			CALLAO	1902			Recoleta	2	1024	C1024AAS
322	-58.3903862233951	-34.5905230953814	Standard Bank	Sucursal 508 - Callao	4811-9924/4811-8247/4816-6625		CALLAO	1661			Recoleta	2	1024	C1024AAC
313	-58.3920785117734	-34.6058567554314	Standard Bank	Sucursal 917 - Congreso	4374-0115/4374-0479/4374-7832		CALLAO	291			San Nicolas	1	1022	C1022AAC
298	-58.3931257638158	-34.5950964186999	Banco Galicia	Sucursal 325 - Callao Y Arenales	4815-6977/4815-0227/4815-0218		CALLAO	1171			Recoleta	2	1023	C1023AAE
284	-58.3921130118757	-34.6053941213796	Banco Galicia	Sucursal 169 - Congreso	4375-4274/4375-4275/4375-4276/4375-4277		CALLAO	329			San Nicolas	1	1022	C1022AAD
199	-58.3920696176767	-34.60597944563	Banco Patagonia	Sucursal 312 - Callao	4371-4572/4371-7515/4371-1977/4371-4557		CALLAO	273			San Nicolas	1	1022	C1022AAC
192	-58.3931393817528	-34.5952181516509	Banco Patagonia	Sucursal 323 - Barrio Norte	4811-0871/4811-2411/4815-1056/4813-2396		CALLAO	1165			Recoleta	2	1023	C1023AAE
173	-58.3920185233637	-34.6066916396746	Banco De La Provincia De Buenos Aires	Sucursal 20 - Callao	4371-5939/4373-7044/4373-6594/4373-6300/4373-6592		CALLAO	201			San Nicolas	1	1022	C1022AAC
168	-58.3915428015489	-34.5913228354627	Banco De La Provincia De Buenos Aires	Modulo De Atencion Bancaria Colegio De Escribanos			CALLAO	1542			Recoleta	2	1024	C1024AAO
122	-58.3918619641003	-34.6078524690442	Banco De La Nacion Argentina	Sucursal - Congreso	4371-3138		CALLAO	101			San Nicolas	1	1022	C1022AAB
21	-58.3930736178665	-34.5932658814894	Banco Ciudad De Buenos Aires	Centro Recaudador	4812-9113/4812-7436		CALLAO AV.	1326			Recoleta	2	1023	C1023AAT
20	-58.3915428015489	-34.5913228354627	Banco Ciudad De Buenos Aires	Anexo Sucursal 17	4801-0081 int.215		CALLAO AV.	1542			Recoleta	2	1024	C1024AAO
19	-58.3931636942735	-34.5936851188397	Banco Ciudad De Buenos Aires	Sucursal 17 - Recoleta	4811-1491/4814-0742	suc17@bancociudad.com.ar	CALLAO AV.	1304			Recoleta	2	1023	C1023AAT
670	-58.4404104643227	-34.6002687063677	Banco Credicoop Cooperativo Limitado	Sucursal 6 - Villa Crespo	4854-5767		CAMARGO	544			Villa Crespo	15	1414	C1414AHL
677	-58.4426670838172	-34.563492988205	Banco Itau	Sucursal 060 - Luis Maria Campos	4784-7714/4787-0644/4787-0645		CAMPOS LUIS M.	1407			Belgrano	13	1426	C1426BOM
532	-58.4404089191921	-34.5652046530643	Banco Supervielle	Sucursal - Imprenta	4773-1420/4773-2993/4773-3443	imprenta@supervielle.com.ar	CAMPOS LUIS M.	1201			Palermo	14	1426	C1426BOK
449	-58.4399726440578	-34.5655691862434	Banco Santander Rio	Sucursal 210 - Luis Maria Campos	4110-5800		CAMPOS LUIS M.	1175			Palermo	14	1426	C1426BOJ
368	-58.4422574094654	-34.5637916143269	Bbva Banco Frances	Sucursal 352 - Belgrano	4783-4174/4783-5741/4783-5892/4783-5926		CAMPOS LUIS M.	1383			Palermo	14	1426	C1426BOL
297	-58.4418896050175	-34.5640586518195	Banco Galicia	Sucursal 322 - Belgrano	4783-2554/4784-6001		CAMPOS LUIS M.	1349			Palermo	14	1426	C1426BOL
208	-58.4356843874372	-34.5704043985312	Banco Patagonia	Centro De Atencion Comercial Hospital Militar	4777-8857/4777-8834/4777-8837		CAMPOS LUIS M.	726			Palermo	14	1426	C1426BOS
106	-58.4367133463556	-34.5690436659926	Banco De La Nacion Argentina	Sucursal - Luis M. Campos	4774-6848		CAMPOS LUIS M.	813			Palermo	14	1426	C1426BOG
13	-58.3803191793807	-34.6054828933954	Banco Ciudad De Buenos Aires	Anexo Centro Recaudador Carabelas			CARABELAS	240			San Nicolas	1	1009	C1009AAB
656	-58.4105879511547	-34.6379074470743	Banco Credicoop Cooperativo Limitado	Sucursal 4 - Parque Patricios	4911-2414		CASEROS	3267			Parque Patricios	4	1263	C1263AAB
482	-58.4018894540315	-34.6363771424981	Banco Santander Rio	Sucursal 175 - Parque Patricios	4110-7700		CASEROS	2795			Parque Patricios	4	1264	C1264AAH
195	-58.4156363594772	-34.6387944094619	Banco Patagonia	Sucursal 103 - Boedo	4923-2263/4923-7179		CASEROS	3599			Boedo	5	1263	C1263AAE
166	-58.4045595015822	-34.6368500691931	Banco De La Provincia De Buenos Aires	Sucursal 10 - Parque Patricios	4943-1569/4943-5101/4943-2053/4308-2625		CASEROS	2935			Parque Patricios	4	1264	C1264AAJ
109	-58.4039522106118	-34.6369056053239	Banco De La Nacion Argentina	Sucursal - Parque Patricios	4912-2142		CASEROS	2902			Parque Patricios	4	1264	C1264AAW
18	-58.4010973222775	-34.6363962335284	Banco Ciudad De Buenos Aires	Anexo Sucursal 16	4912-1713/4912-1714		CASEROS AV.	2736			Parque Patricios	4	1264	C1264AAU
17	-58.4036124843697	-34.6368464694052	Banco Ciudad De Buenos Aires	Sucursal 16 - Parque Patricios	4911-3983/4911-5822	suc16@bancociudad.com.ar	CASEROS AV.	2890			Parque Patricios	4	1264	C1264AAV
188	-58.5207704220056	-34.6543759472716	Banco Patagonia	Sucursal 134 - Av. Emilio Castro	4644-2076/4644-0976		CASTRO EMILIO	7325			Liniers	9	1408	C1408IGK
749	-58.3824413721383	-34.5897729200761	Banco Comafi	Sucursal - La Recova	4328-2386		CERRITO	1535			Retiro	1	1010	C1010ABE
683	-58.3825197248748	-34.599983988623	Banco Itau	Sucursal 050 - Cerrito	4382-8742/4382-0288/4382-0714		CERRITO	748			San Nicolas	1	1010	C1010AAP
495	-58.3827953067621	-34.595027942693	Banco Santander Rio	Sucursal 127 - Cerrito	4110-6700		CERRITO	1146			Retiro	1	1010	C1010AAX
124	-58.3823852398399	-34.6016210738304	Banco De La Nacion Argentina	Sucursal - I.A.F.	4370-1824		CERRITO	572			San Nicolas	1	1010	C1010AAL
699	-58.4105955876322	-34.5796539919337	Banco Itau	Sucursal 097 - Cerviño	4801-8315/4802-3829		CERVI	3654			Palermo	14	1425	C1425AGS
523	-58.4118034330756	-34.5795660002974	Banco Supervielle	Sucursal - Botanico	4806-8971/4806-8994/4806-8859	botanico@supervielle.com.ar	CERVI	3799			Palermo	14	1425	C1425AGG
480	-58.4237403012456	-34.5749390943268	Banco Santander Rio	Sucursal 217 - Cerviño	4110-5700		CERVI	4709			Palermo	14	1425	C1425AIA
404	-58.4230409884084	-34.5753126928016	Bbva Banco Frances	Sucursal 52 - Palermo	4771-9990/4772-1200/4772-6100/4773-8063		CERVI	4648			Palermo	14	1425	C1425AHQ
770	-58.3889887002516	-34.6128496304236	Compañia Financiera Argentina	Sucursal - Virrey Cevallos	4382-6880		CEVALLOS VIRREY	331			Monserrat	1	1077	C1077AAG
543	-58.4092229726123	-34.5928921715556	Banco Supervielle	Sucursal - Plaza Guemes	4825-9361/4826-9101	plazaguemes@supervielle.com.ar	CHARCAS	3062			Recoleta	2	1425	C1425BML
740	-58.4582466273508	-34.5618850405735	Banco Comafi	Sucursal - Belgrano	4783-6731		CIUDAD DE LA PAZ	2175			Belgrano	13	1428	C1428CPI
32	-58.4576742253831	-34.562614646439	Banco Ciudad De Buenos Aires	Centro Recaudador	4786-6329		CIUDAD DE LA PAZ	0		JURAMENTO AV.	Belgrano	13		
753	-58.3763228726878	-34.5986874255195	Banco Comafi	Sucursal - Retiro	4311-1080		CORDOBA	669			Retiro	1	1054	C1054AAF
728	-58.3852109222686	-34.5991322770781	Bnp Paribas	Sucursal - Plaza Lavalle	4816-4967		CORDOBA	1299			Retiro	1	1055	C1055AAC
659	-58.3886262200174	-34.59929858599	Banco Credicoop Cooperativo Limitado	Sucursal 218 - Plaza Lavalle	4811-5008		CORDOBA	1527			Recoleta	2	1055	C1055AAF
628	-58.3795494161258	-34.5988805182237	Hsbc Bank Argentina S. A.	Sucursal - Suipacha	4311-8280/4311-8292/4311-8216/4312-8948		CORDOBA	899			Retiro	1	1054	C1054AAH
534	-58.371969661148	-34.5983714934655	Banco Supervielle	Sucursal - Alem	4324-8985/4324-8986/4324-8987	alem@supervielle.com.ar	CORDOBA	331			Retiro	1	1054	C1054AAC
481	-58.4348006677029	-34.5912715301962	Banco Santander Rio	Sucursal 395 - Plaza Serrano	4118-2900		CORDOBA	5030			Villa Crespo	15	1414	C1414BAV
427	-58.4308282631701	-34.5936875135499	Bbva Banco Frances	Sucursal 35 - Villa Crespo	4777-9948/4777-7214/4772-0950/4771-2983		CORDOBA	4675			Palermo	14	1414	C1414BAE
390	-58.3757583005685	-34.5986479080083	Bbva Banco Frances	Sucursal 166 - Microcentro	4314-8720/4314-7952/4314-5861/4314-6160/4314-6486		CORDOBA	631			Retiro	1	1054	C1054AAF
327	-58.3758764092041	-34.5986561751669	Standard Bank	Sucursal 512 - Retiro	4314-2531/4314-2631/4314-0610/4314-0670/4311-0947		CORDOBA	633			Retiro	1	1054	C1054AAF
295	-58.387296433377	-34.5993951775827	Banco Galicia	Sucursal 306 - Plaza Lavalle	4372-2091/4372-2374/4372-4280		CORDOBA	1428			San Nicolas	1	1055	C1055AAR
290	-58.3969010081257	-34.5998058057072	Banco Galicia	Sucursal 234 - F. De Ciencias Economicas	4375-5043/4375-5082/4375-5095/4375-5123		CORDOBA	2090			Balvanera	3	1120	C1120AAP
262	-58.3765153069351	-34.5987008941962	Banco Galicia	Sucursal 64 - Avenida Cordoba	4576-7783/4576-7784/4576-7785		CORDOBA	699			Retiro	1	1054	C1054AAF
256	-58.4122764631565	-34.5978990737395	Banco Galicia	Sucursal 32 - Palermo Sur	4963-4881/4963-4849/4963-5107/4963-4935		CORDOBA	3227			Recoleta	2	1187	C1187AAG
203	-58.3993095010974	-34.5997772125769	Banco Patagonia	Sucursal 146 - Clinicas	4953-6775/4952-1120/4952-3995/4952-9339		CORDOBA	2240			Balvanera	3	1120	C1120AAR
172	-58.3800753909582	-34.5990663306732	Banco De La Provincia De Buenos Aires	Sucursal19 - Avenida Cordoba	4322-3969/4322-4171/4322-3436/4322-7269/4394-0024		CORDOBA	924			San Nicolas	1	1054	C1054AAV
121	-58.4317529187432	-34.5930709040132	Banco De La Nacion Argentina	Sucursal - Avda. Cordoba	4772-9628		CORDOBA	4769			Palermo	14	1414	C1414BAF
54	-58.403199963348	-34.5986344416437	Banco Ciudad De Buenos Aires	Sucursal 60 - Facultades	4964-2374/2397/2410	suc60@bancociudad.com.ar	CORDOBA AV.	2543			Recoleta	2	1120	C1120AAH
48	-58.376416738969	-34.5986939953518	Banco Ciudad De Buenos Aires	Sucursal 53 - Maipu	4313-1478/0594/0682	suc53@bancociudad.com.ar	CORDOBA AV.	675			Retiro	1	1054	C1054AAF
8	-58.4444032922021	-34.5846768555051	Banco Ciudad De Buenos Aires	Sucursal 07 Palermo Viejo	4772-2847/4772-5889	suc07@bancociudad.com.ar	CORDOBA AV.	5991			Palermo	14	1414	C1414BBF
786	-58.3832518860959	-34.6038838754227	Banco De Servicios Y Transacciones	Sucursal - Casa Central	4131-7900		CORRIENTES	1174	PISO 4		San Nicolas	1	1043	C1043AAY
769	-58.4543830066609	-34.5871888055487	Compañia Financiera Argentina	Sucursal - Lacroze	4555-4111		CORRIENTES	6841			Chacarita	15	1427	C1427BPG
768	-58.4012312272861	-34.6045997975315	Compañia Financiera Argentina	Sucursal - Balvanera	4953-0559		CORRIENTES	2423			Balvanera	3	1046	C1046AAC
760	-58.3722116095924	-34.6032139968839	Banco Finansur	Sucursal - Casa Central	011-4324-3400	clientes@bancofinansur.com.ar	CORRIENTES	400			San Nicolas	1	1043	C1043AAQ
711	-58.4420546631291	-34.596725603257	Banco Itau	Sucursal 019 - Villa Crespo	4855-9010		CORRIENTES	5555			Villa Crespo	15	1414	C1414AJI
691	-58.3744426667227	-34.6031867446892	Banco Itau	Sucursal 008 - Florida Y Corrientes	4322-4239/4322-4250/4322-4252/4322-4270		CORRIENTES	555			San Nicolas	1	1043	C1043AAF
664	-58.3890175254026	-34.6042720766715	Banco Credicoop Cooperativo Limitado	Sucursal 70 - Tribunales	4373-7878		CORRIENTES	1574			San Nicolas	1	1042	C1042AAO
640	-58.3979959767609	-34.604487937008	Banco Credicoop Cooperativo Limitado	Sucursal 153 - Balvanera	4953-1013		CORRIENTES	2187			Balvanera	3	1045	C1045AAD
639	-58.4229858333598	-34.6030599264957	Banco Credicoop Cooperativo Limitado	Sucursal 241 - Almagro	4864-8854/4864-9932		CORRIENTES	4124			Almagro	5	1195	C1195AAN
638	-58.4116259564868	-34.6041577271942	Banco Credicoop Cooperativo Limitado	Sucursal 14 - Abasto	4866-6122		CORRIENTES	3300			Balvanera	3	1193	C1193AAR
630	-58.4399608938261	-34.5987917536138	Hsbc Bank Argentina S. A.	Sucursal - Villa Crespo	4854-0747/4854-1830/4857-2823		CORRIENTES	5322			Villa Crespo	15	1414	C1414AJT
621	-58.4016767829995	-34.6047842245003	Hsbc Bank Argentina S. A.	Sucursal - Once / Corrientes	4953-9550/4953-9652/4953- 9793		CORRIENTES	2462			Balvanera	3	1046	C1046AAP
617	-58.3736248707969	-34.6033039620036	Hsbc Bank Argentina S. A.	Sucursal - Microcentro	4328-0604/4328-0670/4328-0671/4328-0673/4328-0674		CORRIENTES	500			San Nicolas	1	1043	C1043AAR
592	-58.4099677225812	-34.6041308448291	Hsbc Bank Argentina S. A.	Sucursal - Abasto	4866-2744/4866-2747/4864-9688/4862-1947		CORRIENTES	3158			Balvanera	3	1193	C1193AAQ
576	-58.4183537707475	-34.6035192389688	Banco Hipotecario	Sucursal - Almagro	4862-3347/4862-2271/4862-2466		CORRIENTES	3820			Almagro	5	1194	C1194AAR
506	-58.4375375393264	-34.6003739182904	Banco Santander Rio	Sucursal 97 - Canning	4110-4700		CORRIENTES	5100			Villa Crespo	15	1414	C1414AJQ
499	-58.3869351782767	-34.6040260171326	Banco Santander Rio	Sucursal 33 - Tribunales	4118-0600		CORRIENTES	1427			San Nicolas	1	1042	C1042AAA
457	-58.3825349698692	-34.6038418002691	Banco Santander Rio	Sucursal 402 - Obelisco	4118-7900		CORRIENTES	1118			San Nicolas	1	1043	C1043AAY
453	-58.4230799132105	-34.6030505881363	Banco Santander Rio	Sucursal 403 - Plaza Almagro	4118-6600		CORRIENTES	4136			Almagro	5	1195	C1195AAN
441	-58.4306090874931	-34.6022985028828	Banco Santander Rio	Sucursal 197 - Angel Gallardo	4119-1000		CORRIENTES	4626			Almagro	5	1195	C1195AAS
438	-58.3726405168965	-34.6032436294422	The Bank Of Tokio - Mitsubishi Ufj Ltd	Sucursal - Buenos Aires	4348-2000		CORRIENTES	420	PISO 2		San Nicolas	1	1043	C1043AAR
428	-58.4376750166402	-34.600144118238	Bbva Banco Frances	Sucursal 135 - Villa Crespo	4857-6841/4857-6842/4857-6843/4857-6844		CORRIENTES	5117			Villa Crespo	15	1414	C1414AJE
393	-58.3866126778198	-34.6040002904138	Bbva Banco Frances	Sucursal 330 - Microcentro	4372-1074/4372-3306/4372-2678/4372-2958/4372-3432		CORRIENTES	1401			San Nicolas	1	1042	C1042AAA
391	-58.3801048525623	-34.603697175304	Bbva Banco Frances	Sucursal 320 - Microcentro	4325-8318/4322-8050		CORRIENTES	942			San Nicolas	1	1043	C1043AAW
385	-58.3824198954338	-34.6038350460328	Bbva Banco Frances	Sucursal 5 - Microcentro	4382-1405/4382-5113/4382-8595/4382-9306		CORRIENTES	1102			San Nicolas	1	1043	C1043AAY
361	-58.3988421869532	-34.6045269786745	Bbva Banco Frances	Sucursal 111 - Balvanera	4952-4304/4952-8300/4953-5440/4954-0049/4954-0051		CORRIENTES	2249			Balvanera	3	1046	C1046AAA
358	-58.4317815971042	-34.602164606538	Bbva Banco Frances	Sucursal 106 - Almagro	4862-4193/4862-5185/4863-2632/4866-1331		CORRIENTES	4694			Almagro	5	1195	C1195AAS
357	-58.412937567544	-34.604048903512	Bbva Banco Frances	Sucursal 7 - Abasto	4861-4285/4862-1800/4865-3708/4866-1339/4866-1342		CORRIENTES	3399			Balvanera	3	1193	C1193AAF
353	-58.4305064327277	-34.6023089831377	Citibank	Sucursal - Villa Crespo			CORRIENTES	4618			Almagro	5	1195	C1195AAS
349	-58.379251651663	-34.6036486503733	Citibank	Sucursal - Plaza Republica			CORRIENTES	886			San Nicolas	1	1043	C1043AAV
336	-58.3910957889574	-34.6044359517934	Citibank	Sucursal - Av. Corrientes			CORRIENTES	1720			San Nicolas	1	1042	C1042AAQ
330	-58.4405614435526	-34.5982345171865	Standard Bank	Sucursal 528 - Villa Crespo	4856-6495/4856-6496/4857-1201/4857-5263		CORRIENTES	5386			Villa Crespo	15	1414	C1414AJT
319	-58.3990599273539	-34.6045364813628	Standard Bank	Sucursal 505 - Once	4952-0909/4952-0704/4952-1599/4952-2718/4952-2838		CORRIENTES	2267			Balvanera	3	1046	C1046AAA
310	-58.3715825497953	-34.6031726011744	Standard Bank	Sucursal 909 - Correo Central	4328-4690/4328-1226/4328-8545/4328-9042		CORRIENTES	366			San Nicolas	1	1043	C1043AAQ
303	-58.4184498763094	-34.6034268643124	Standard Bank	Sucursal 510 - Almagro	4863-1343/4863-2017/4863-4036/4865-4163/4866-4515		CORRIENTES	3829			Almagro	5	1194	C1194AAE
294	-58.4207612147142	-34.6031104848785	Banco Galicia	Sucursal 303 - Medrano	4864-1461/4864-3840		CORRIENTES	3999			Almagro	5	1194	C1194AAF
229	-58.4097847644404	-34.6041425796625	Banco Galicia	Sucursal 03 - Abasto	4863-2774/4863-7843/4865-8007		CORRIENTES	3148			Balvanera	3	1193	C1193AAQ
217	-58.3978192022376	-34.604482461879	Banco Patagonia	Sucursal 119 - Once	4954-6986/4954-0157/4954-0493		CORRIENTES	2171			Balvanera	3	1045	C1045AAD
215	-58.3756829269568	-34.6032633922229	Banco Patagonia	Sucursal 100 - Microcentro	4323-5000		CORRIENTES	629			San Nicolas	1	1043	C1043AAG
213	-58.4404676081777	-34.5983215855837	Banco Patagonia	Sucursal 117 - Malabia	4854-2344/4854-0221		CORRIENTES	5376			Villa Crespo	15	1414	C1414AJT
186	-58.410138855127	-34.6041214388853	Banco Patagonia	Sucursal 20 - Abasto	4861-2023/4862-4623/4867-2265		CORRIENTES	3200			Balvanera	3	1193	C1193AAQ
176	-58.4404653074777	-34.5981967252861	Banco De La Provincia De Buenos Aires	Sucursal 23 - Villa Crespo	4854-2081/4854-2091/4854-2191/4854-2076/4854-2115		CORRIENTES	5399			Villa Crespo	15	1414	C1414AJG
140	-58.4216784028727	-34.6030202049741	Banco De La Provincia De Buenos Aires	Sucursal 9 - Almagro	4862-2081/4862-6690/4862-2082/4864-4450		CORRIENTES	4043			Almagro	5	1194	C1194AAG
128	-58.4407395211858	-34.5979450542455	Banco De La Nacion Argentina	Sucursal - Villa Crespo	4854-7983		CORRIENTES	5401			Villa Crespo	15	1414	C1414AJH
104	-58.3718682051985	-34.603025045765	Banco De La Nacion Argentina	Sucursal - Avda. Corrientes	4318-7224		CORRIENTES	345			San Nicolas	1	1043	C1043AAD
75	-58.3975354477009	-34.6046403482989	Banco De La Nacion Argentina	Sucursal - Balvanera	4953-8381		CORRIENTES	2156			Balvanera	3	1045	C1045AAQ
74	-58.4120297992598	-34.6041735481679	Banco De La Nacion Argentina	Sucursal - Abasto	4862-1702		CORRIENTES	3302			Balvanera	3	1193	C1193AAS
71	-58.4253175731372	-34.6027420620483	Banco De La Nacion Argentina	Sucursal - Almagro	4864-6709		CORRIENTES	4279			Almagro	5	1195	C1195AAB
55	-58.4218521171276	-34.6030029567194	Banco Ciudad De Buenos Aires	Sucursal 63 - Almagro	4863-8249/2603/2682		CORRIENTES AV.	4055			Almagro	5	1194	C1194AAG
39	-58.4094712235523	-34.6039924564053	Banco Ciudad De Buenos Aires	Sucursal 38 - Abasto	4862-5523/4862-5700	suc38@bancociudad.com.ar	CORRIENTES AV.	3151			Balvanera	3	1193	C1193AAD
35	-58.4372543238903	-34.6004687207055	Banco Ciudad De Buenos Aires	Anexo Sucursal 30	4855-6010		CORRIENTES AV.	5066			Villa Crespo	15	1414	C1414AJQ
34	-58.4393804160336	-34.5992062318599	Banco Ciudad De Buenos Aires	Sucursal 30 - Villa Crespo	4854-0217/4855-4571	suc30@bancociudad.com.ar	CORRIENTES AV.	5273			Villa Crespo	15	1414	C1414AJF
11	-58.4025988133348	-34.6048071906491	Banco Ciudad De Buenos Aires	Sucursal 09 - Balvanera	4951-0896/4951-3214	suc09@bancociudad.com.ar	CORRIENTES AV.	2528			Balvanera	3	1046	C1046AAQ
7	-58.3871205188756	-34.604040801859	Banco Ciudad De Buenos Aires	Anexo Sucursal 05	4379-8700 Int. 147		CORRIENTES AV.	1441			San Nicolas	1	1042	C1042AAA
6	-58.3853701326577	-34.6040073435956	Banco Ciudad De Buenos Aires	Atencion Personalizada Al Poder Judicial	4372-0821/4371-2567		CORRIENTES AV.	1312	Piso 8-B		San Nicolas	1	1043	C1043ABN
5	-58.3867562279496	-34.6040920711951	Banco Ciudad De Buenos Aires	Sucursal 75 - Judicial	4372-7340/4371-6609	jarambarri@e-bcba.com.ar	CORRIENTES AV.	1418			San Nicolas	1	1042	C1042AAN
153	-58.5237007903098	-34.6396206172182	Banco De La Provincia De Buenos Aires	Sucursal 21 - Liniers	4641-5632/4641-5930/4641-4200/4641-1208		COSQUIN	61			Liniers	9	1408	C1408GIA
636	-58.4634444270767	-34.562141200146	Hsbc Bank Argentina S. A.	Sucursal - Agencia General Nuñez	4781-1100		CRAMER	2385			Belgrano	13	1428	C1428CTK
520	-58.4579286375715	-34.5688104912328	Banco Supervielle	Sucursal - Belgrano R	4782-4149/4782-4155/4782-8428/4782-8538	belgranoR@supervielle.com.ar	CRAMER	1710			Belgrano	13	1426	C1426APD
446	-58.4605084064465	-34.5658268976524	Banco Santander Rio	Sucursal 130 - Cramer	4110-6800		CRAMER	2000			Belgrano	13	1428	C1428CTD
723	-58.4533506972707	-34.5625993548297	Bnp Paribas	Sucursal - Del Angel	4706-0643		CUBA	1920			Belgrano	13	1428	C1428AED
631	-58.4979564658047	-34.5977271836355	Hsbc Bank Argentina S. A.	Sucursal - Villa Del Parque	4505-0173/4505-0192/4505-0529/4505-0592		CUENCA	3479			Villa Del Parque	11	1417	C1417ABG
430	-58.4974126145583	-34.5984480356942	Bbva Banco Frances	Sucursal 326 - Villa Del Parque	4502-0062/4502-1460/4503-6017/4503-6267		CUENCA	3401			Villa Del Parque	11	1417	C1417ABG
333	-58.4979739873047	-34.5978834450989	Standard Bank	Sucursal 527 - Villa Del Parque	4501-4507/4502-3796/4503-2369/4503-9990		CUENCA	3470			Villa Del Parque	11	1417	C1417ABH
177	-58.4929852845071	-34.6042890928667	Banco De La Provincia De Buenos Aires	Sucursal 8 - Villa Del Parque	4501-7025/4501-2685/4501-3177/4504-4785/4504-7141		CUENCA	2755			Villa Del Parque	11	1417	C1417AAK
131	-58.4913541094679	-34.6061322606182	Banco De La Nacion Argentina	Sucursal - Villa Del Parque	4501-3207		CUENCA	2567			Villa Del Parque	11	1417	C1417AAG
130	-58.4943540161056	-34.6025291648234	Banco De La Nacion Argentina	Sucursal - Cuenca	4502-4991		CUENCA	2971			Villa Del Parque	11	1417	C1417AAO
167	-58.4508160726687	-34.6335303657545	Banco De La Provincia De Buenos Aires	Delegacion 34 -  Puerto Madero	4343-5456/4342-8452/4342-3889		DAVILA	748	DOCK Nº 5		Parque Chacabuco	7	1406	C1406DED
583	-58.4992429510947	-34.6633227980222	Banco De La Pampa	Sucursal - Liniers	4687-0476		DE LA TORRE LISANDRO	2406			Mataderos	9	1440	C1440ECZ
154	-58.4992429510947	-34.6633227980222	Banco De La Provincia De Buenos Aires	Delegacion Mercado De Liniers	4686-5033/4686-5429/4686-5766/4686-6370		DE LA TORRE LISANDRO	2406			Mataderos	9	1440	C1440ECZ
511	-58.5034879584527	-34.5731452512917	Banco Santander Rio	Sucursal 32 - Av. De Los Constituyentes	4116-7300		DE LOS CONSTITUYENTES	5857			Villa Urquiza	12	1431	C1431EZJ
240	-58.5020752466592	-34.5743126735524	Banco Galicia	Sucursal 15 - Constituyentes	4572-5674/4572-0934/4571-1479		DE LOS CONSTITUYENTES	5668			Villa Pueyrredon	12	1431	C1431EZU
137	-58.4999682320942	-34.5757679834377	Banco De La Nacion Argentina	Sucursal - Avda. De Los Constituyentes	4572-1931		DE LOS CONSTITUYENTES	5451			Villa Urquiza	12	1431	C1431EZF
247	-58.4774990020726	-34.5835906264213	Banco Galicia	Sucursal 22 - Parque Chas	4521-2367/4522-0316/4521-0948/4521-1961		DE LOS INCAS	4763			Parque Chas	15	1427	C1427DNM
43	-58.3705896141014	-34.5858664066463	Banco Ciudad De Buenos Aires	Anexo Inmigrantes	5787-0397		DE LOS INMIGRANTES AV.	1950			Retiro	1	1104	C1104ADO
392	-58.3831320645891	-34.6090929618728	Bbva Banco Frances	Sucursal 329 - Microcentro	4381-8755/4383-9669/4384-9449		DE MAYO	1165			Monserrat	1	1085	C1085ABB
317	-58.3834523249039	-34.6091928560517	Standard Bank	Sucursal 503 - Monserrat	4381-3610/4381-7857		DE MAYO	1202			Monserrat	1	1085	C1085ABP
260	-58.3838253932521	-34.6091401782267	Banco Galicia	Sucursal 38 - Avenida De Mayo	4382-8933/4382-9084/4382-9204		DE MAYO	1225			Monserrat	1	1085	C1085ABC
204	-58.3866479641728	-34.6093330160833	Banco Patagonia	Sucursal 200 - Congreso	4382-5671/4382-9364		DE MAYO	1441			Monserrat	1	1085	C1085ABE
100	-58.386728191687	-34.6094964626128	Banco De La Nacion Argentina	Sucursal - Avda. De Mayo	4381-3382		DE MAYO	1464			Monserrat	1	1085	C1085ABR
98	-58.3850693888698	-34.6093037431871	Banco De La Nacion Argentina	Sucursal - Afip - Gc - Emp. Exportadoras	4384-0411		DE MAYO	1317	PB		Monserrat	1	1085	C1085ABD
399	-58.3773766307527	-34.6088537730172	Bbva Banco Frances	Sucursal 44 - Monserrat	4345-3315/4345-3316/4345-3317/4345-3321		DE MAYO AV	782			Monserrat	1	1084	C1084AAP
291	-58.3746899236043	-34.6086697714678	Banco Galicia	Sucursal 236 - Plaza De Mayo	6329-2725/6329-2727/6329-2728/6329-2720		DE MAYO AV	600			Monserrat	1	1084	C1084AAN
485	-58.3649266926933	-34.6005757320568	Banco Santander Rio	Sucursal 381 - Madero Yachting	4109-5100		DEALESSI PIERINA	360			Puerto Madero	1		
708	-58.3716164235699	-34.6175233589164	Banco Itau	Sucursal 052 - San Telmo	4361-4414/4361-4413/4361-4440		DEFENSA	818			San Telmo	1	1065	C1065AAP
99	-58.3721322419517	-34.6095226880251	Banco De La Nacion Argentina	Sucursal - Afip - Gc - Nacionales (Pers. Fisicas)	4347-3100		DEFENSA	135			Monserrat	1	1065	C1065AAA
785	-58.3831031377442	-34.5878164445673	Banco Cetelem Argentina S. A.	Sucursal - Casa Central			DEL LIBERTADOR	767	PISO 2		Retiro	1	1001	C1001ABH
678	-58.4456706323317	-34.558833737234	Banco Itau	Sucursal 067 - Libertador	4788-4700		DEL LIBERTADOR	5767			Belgrano	13	1428	C1428ARA
539	-58.4521028485341	-34.551364765254	Banco Supervielle	Sucursal - Libertador	4781-9707/4781-2965/4706-3133/4706-2322	libertador@supervielle.com.ar	DEL LIBERTADOR	6597			Belgrano	13	1428	C1428ARI
417	-58.4034337784039	-34.5816241481282	Bbva Banco Frances	Sucursal 304 - Recoleta	4802-7674/4802-5005/4802-0973		DEL LIBERTADOR	2166			Palermo	14	1425	C1425AAU
364	-58.4490375754956	-34.5553119032611	Bbva Banco Frances	Sucursal 16 - Belgrano	4783-1922/4788-9305 /4788-9306		DEL LIBERTADOR	6156			Belgrano	13	1428	C1428ARR
274	-58.4035770208747	-34.5816157860284	Banco Galicia	Sucursal 133 - Plaza Grand Bourg	4806-0372/4806-0377/4806-0379		DEL LIBERTADOR	2196			Palermo	14	1425	C1425AAU
251	-58.4322380995864	-34.5664188665583	Banco Galicia	Sucursal 26 - San Benito De Palermo	4771-6921/4771-5865/4771-4249		DEL LIBERTADOR	4598			Palermo	14	1426	C1426BWT
245	-58.4075669723158	-34.5780618645875	Banco Galicia	Sucursal 20 - Plaza Alemania	4576-1101/4576-1102/4576-1103		DEL LIBERTADOR	2699			Palermo	14	1425	C1425AAM
244	-58.4548487660575	-34.5489693645377	Banco Galicia	Sucursal 19 - Nuñez	4786-1612/4786-1563/4786-1512		DEL LIBERTADOR	6876			Nuñez	13	1429	C1429BMO
211	-58.4640397636475	-34.5406175275481	Banco Patagonia	Sucursal 30 - Libertador	4702-3273/4702-3279/4702-3299/4702-3318		DEL LIBERTADOR	8108			Nuñez	13	1429	C1429BNO
145	-58.4470867380718	-34.5573851521246	Banco De La Provincia De Buenos Aires	N§ 39 Delegacion Avenida Del Libertador	4788-3058/4789-9163/4789-9164		DEL LIBERTADOR	5927			Belgrano	13	1428	C1428ARC
789	-58.3718325241667	-34.5951442935185	Bank Of America, National Association	Sucursal - Casa Central	4317-3500		DELLA PAOLERA CARLOS M.	265	PISO 10		Retiro	1	1001	C1001ADA
328	-58.3718325241667	-34.5951442935185	Standard Bank	Sucursal 549 - Torre	4820-5205/4820-5206/4820-5213/4820-5207		DELLA PAOLERA CARLOS M.	265			Retiro	1	1001	C1001ADA
405	-58.4078333311428	-34.5860012985928	Bbva Banco Frances	Sucursal 108 - Palermo	4824-3013/4824-7264/4824-4654		DIAZ CNEL.	2257			Recoleta	2	1425	C1425DQI
234	-58.4107324274442	-34.5896991484928	Banco Galicia	Sucursal 08 - Coronel Diaz	4826-0466/4825-4463/4825-4526		DIAZ CNEL.	1854			Palermo	14	1425	C1425DQR
513	-58.4217126821247	-34.6086564963298	Banco Supervielle	Sucursal - Almagro	4958-2796	SucursalAlmagro@supervielle.com.ar	DIAZ VELEZ	3916			Almagro	5	1200	C1200AAT
440	-58.4248521423673	-34.6085524984379	Banco Santander Rio	Sucursal 131 - Diaz Velez	4110-6900		DIAZ VELEZ	4101			Almagro	5	1200	C1200AAI
373	-58.4408133870548	-34.6087227244891	Bbva Banco Frances	Sucursal 184 - Caballito	4982-6376/4982-7827/4958-3437/4958- 6512		DIAZ VELEZ	5253			Caballito	6	1405	C1405DCH
219	-58.4285327107755	-34.6086386764572	Banco Patagonia	Sucursal 24 - Parque Centenario	4981-1257/4981-4330		DIAZ VELEZ	4363			Almagro	5	1200	C1200AAK
465	-58.455008921425	-34.6317858898461	Banco Santander Rio	Sucursal 133 - Directorio	4110-7000		DIRECTORIO	1950			Flores	7	1406	C1406GZV
464	-58.4566551258763	-34.641587866253	Banco Santander Rio	Sucursal 37 - Flores Sur	4116-7500		ECHEANDIA	2602			Flores	7	1406	C1406HRB
307	-58.4554434016317	-34.5626704211449	Standard Bank	Sucursal 525 - Belgrano	4782-3703/4783-7212/4783-1400/4787-2600		ECHEVERRIA	2357			Belgrano	13	1428	C1428DRO
738	-58.4575996156323	-34.5681880848395	Banco Saenz	Sucursal - Belgrano	4782-3100/4782-9306/4783-7525		ELCANO	2741			Belgrano	13	1426	C1426EIA
679	-58.4583537219604	-34.5713929614688	Banco Itau	Sucursal 077 - Belgrano R	4552-5985/4552-6085		ELCANO	3034			Colegiales	13	1426	C1426EJO
366	-58.4589543436737	-34.5721264476354	Bbva Banco Frances	Sucursal 186 - Belgrano	4552-0364/4552-0436/4552-0443/4552-0447		ELCANO	3107			Colegiales	13	1426	C1426EJC
663	-58.3915657270781	-34.6233265216777	Banco Credicoop Cooperativo Limitado	Sucursal 39 - San Cristobal Norte	4304-0076		ENTRE RIOS	1245			San Cristobal	3	1133	C1133AAA
607	-58.3914255541565	-34.6220622410503	Hsbc Bank Argentina S. A.	Sucursal - Entre Rios	4304-0692/4304-4694/4305-4143		ENTRE RIOS	1150			Constitucion	1	1080	C1080ABS
460	-58.3909651493871	-34.6280963182881	Banco Santander Rio	Sucursal 45 - Constitucion	4137-1200		ENTRE RIOS	1692			Constitucion	1	1133	C1133AAR
398	-58.3915911448826	-34.6144680200646	Bbva Banco Frances	Sucursal 43 - Monserrat	4381-8899/4381-4274/4383-7007/4383-4153		ENTRE RIOS	466			Monserrat	1	1079	C1079ABR
314	-58.390567141054	-34.6314290065107	Standard Bank	Sucursal 511 - Entre Rios	4305-8402/4305-8404/4306-2578/4306-5049		ENTRE RIOS	2000			Constitucion	1	1133	C1133AAU
278	-58.3916252699489	-34.6220764177074	Banco Galicia	Sucursal 153 - Avenida Entre Rios	4305-1604/4304-0718		ENTRE RIOS	1145			San Cristobal	3	1080	C1080ABF
189	-58.3917657077523	-34.6153384768057	Banco Patagonia	Sucursal 133 - Av. Entre Rios	4383-8825/4383-9228/4381-7848		ENTRE RIOS	555			Balvanera	3	1079	C1079ABF
87	-58.3915819419135	-34.6229657581225	Banco De La Nacion Argentina	Sucursal - Arsenal	4305-2804		ENTRE RIOS	1201			San Cristobal	3	1133	C1133AAA
735	-58.3778280878702	-34.6068995274239	Banco De La Republica Oriental Del Uruguay	Sucursal - Buenos Aires	4132-2000		ESMERALDA	111			San Nicolas	1	1035	C1035ABC
389	-58.3778834359907	-34.6061557355335	Bbva Banco Frances	Sucursal 155 - Microcentro	4394-3223/4394-4105/4394-4125/4394-4578/4394-4655		ESMERALDA	199			San Nicolas	1	1035	C1035ABC
59	-58.3785984888771	-34.59374770904	Banco Ciudad De Buenos Aires	Anexo Cancilleria	4326-2636		ESMERALDA	1212			Retiro	1	1007	C1007ABR
49	-58.3782356083597	-34.6005114377706	Banco Ciudad De Buenos Aires	Centro Recaudador - Complejo Esmeralda	4322-0301/8423		ESMERALDA	660			San Nicolas	1	1007	C1007ABF
750	-58.4182700551649	-34.6517428472522	Banco Comafi	Sucursal - Nueva Pompeya	4918-2909		ESQUIU	1039			Nueva Pompeya	4	1437	C1437JPC
162	-58.417660379926	-34.6518235978342	Banco De La Provincia De Buenos Aires	Sucursal 24  - Nueva Pompeya	4919-8048/4919-7386/4919-5434/4919-6605/4919-8944		ESQUIU	991			Nueva Pompeya	4	1437	C1437JPA
650	-58.5227898597646	-34.6401758247681	Banco Credicoop Cooperativo Limitado	Sucursal 7 - Liniers	4641-2800/4641-7880		FALCON RAMON L. CNEL.	6837			Liniers	9	1408	C1408DSC
668	-58.4456282951054	-34.6619731538402	Banco Credicoop Cooperativo Limitado	Sucursal 32 - Villa Soldati	4918-4302		FERNANDEZ DE LA CRUZ F. GRAL.	3314			Villa Soldati	8	1437	C1437GZZ
551	-58.4758050932182	-34.687849820779	Banco Supervielle	Sucursal - Villa Lugano	4602-7203/4602-7215/4602-7593	SucursalVillaLugano@supervielle.com.ar	FERNANDEZ DE LA CRUZ F. GRAL.	6545			Villa Riachuelo	8	1439	C1439CPE
287	-58.4599981136156	-34.674231983471	Banco Galicia	Sucursal 188 - Jumbo Parque Brown	4605-9501/4605-9502		FERNANDEZ DE LA CRUZ F. GRAL.	4602			Villa Lugano	8	1439	C1439CNW
788	-58.3751431835458	-34.6060149137042	Banco Meridian S. A.	Sucursal - Casa Central	4130-8500		FLORIDA	200			San Nicolas	1	1005	C1005AAD
767	-58.3751832357362	-34.605245729316	Compañia Financiera Argentina	Sucursal - Centro	4348-9223		FLORIDA	240			San Nicolas	1	1005	C1005AAF
623	-58.3750282297601	-34.607492465626	Hsbc Bank Argentina S. A.	Sucursal - Peatonal Florida	4323-4400 int.:4443		FLORIDA	40			San Nicolas	1	1005	C1005AAB
603	-58.3750590701785	-34.6054758213401	Hsbc Bank Argentina S. A.	Sucursal - Casa Central	4320-2800		FLORIDA	201			San Nicolas	1	1005	C1005AAE
500	-58.3752239704432	-34.6019576341744	Banco Santander Rio	Sucursal 87 - Centro	4118-2700		FLORIDA	513			San Nicolas	1	1005	C1005AAK
347	-58.3750408713257	-34.6058252734835	Citibank	Sucursal - Microcentro			FLORIDA	199			San Nicolas	1	1005	C1005AAC
344	-58.3754126900041	-34.5993776168224	Citibank	Sucursal - Florida			FLORIDA	740			San Nicolas	1	1005	C1005AAP
312	-58.3749530489805	-34.6071290149686	Standard Bank	Sucursal 501 - Centro	4820-2000		FLORIDA	99			San Nicolas	1	1005	C1005AAA
301	-58.3751354747794	-34.6038786884506	Banco Galicia	Sucursal 339 - Florida Ii	6329-3893/6329-3836/6329-3853/6329-3855/6329-3858		FLORIDA	361			San Nicolas	1	1005	C1005AAG
200	-58.3753250256882	-34.5963561829313	Banco Patagonia	Sucursal 324 - Calle Florida	4311-7878/4311-5065/4312-7166		FLORIDA	999			Retiro	1	1005	C1005AAS
458	-58.4598445498091	-34.5785872389275	Banco Santander Rio	Sucursal 36 - Chacarita	4118-0800		FOREST	1187			Chacarita	15	1427	C1427CEI
282	-58.453801392947	-34.5854940379646	Banco Galicia	Sucursal 159 - Chacarita	4552-1120/4553-3148/4553-1877		FOREST	600			Chacarita	15	1427	C1427CEP
83	-58.4530242191193	-34.5863478837792	Banco De La Nacion Argentina	Sucursal - Federico Lacroze	4553-8389		FOREST	488			Chacarita	15	1427	C1427CEO
731	-58.4204344567784	-34.5748763291086	Bnp Paribas	Sucursal - Cuartier De Maria	4779-2000		FRAY JUSTO SANTAMARIA DE ORO	2923			Palermo	14	1425	C1425FOS
254	-58.4449269072335	-34.6071991669959	Banco Galicia	Sucursal 29 - Parque Centenario	4981-8292/4981-6377/4982-0932/4982-2312		GALLARDO ANGEL	1072			Caballito	6	1405	C1405DJX
463	-58.4776564028849	-34.6224084810022	Banco Santander Rio	Sucursal 57 - Gaona	4116-6700		GAONA	3800			Flores	7	1416	C1416DSZ
377	-58.4620319342029	-34.614950888106	Bbva Banco Frances	Sucursal 149 - Flores	4581-9717/4582-1619/4584-5758		GAONA	2508			Flores	7	1416	C1416DSN
268	-58.4740298477277	-34.6205148518965	Banco Galicia	Sucursal 88 - Flores Norte	4514-7802/4514-7803/4514-7804/4514-7805/4514-7806		GAONA	3496			Flores	7	1416	C1416DSW
197	-58.4462448049064	-34.6075173939583	Banco Patagonia	Sucursal 101 - Caballito	5779-0300/5779-0320/5779-0341		GAONA	1129			Villa Crespo	15	1405	C1405DKA
148	-58.4459914616276	-34.6078648646191	Banco De La Provincia De Buenos Aires	Sucursal  7 - El Cid Campeador	4982-4502/4982-5486/4982-3888/4982-9315		GAONA	1142			Caballito	6	1405	C1405DKN
81	-58.4533590196312	-34.6113700891341	Banco De La Nacion Argentina	Sucursal - Avda. Gaona	4581-6873		GAONA	1800			Caballito	6	1416	C1416DRS
555	-58.4157011024849	-34.6312260583713	Banco Macro	Sucursal - Boedo			GARAY JUAN DE	3599			Boedo	5	1256	C1256ABE
381	-58.373748020829	-34.6328242103081	Bbva Banco Frances	Sucursal 56 - La Boca	4362-6579/4362-6617/4362-6676		GARCIA MARTIN	702			Barracas	4	1268	C1268ABQ
77	-58.37509323004	-34.634232760807	Banco De La Nacion Argentina	Sucursal - Avda. Martin Garcia	4632-5433		GARCIA MARTIN	878			Barracas	4	1268	C1268ABR
51	-58.5074798358372	-34.6278048484034	Banco Ciudad De Buenos Aires	Sucursal 57 - Velez Sarsfield	4568-8831/8834	suc57@bancociudad.com.ar	GARCIA, JUAN AGUSTIN	5316			Villa Luro	10	1407	C1407FXP
56	-58.3723340938957	-34.6313549195703	Banco Ciudad De Buenos Aires	Sucursal 66 - Parque Lezama	4361-8195/2278/3249/39	suc66@bancociudad.com.ar	GARCIA, MARTIN AV.	574			Barracas	4	1268	C1268ABO
609	-58.4246573176573	-34.606656254134	Hsbc Bank Argentina S. A.	Sucursal - Hospital Italiano	4958-4649/4958-4745/4983-1420		GASCON	450			Almagro	5	1181	C1181ACH
737	-58.4061869637928	-34.6054590512469	Banco Saenz	Sucursal - Once	4862-9156/4862-9203		GOMEZ VALENTIN	2817			Balvanera	3	1191	C1191AAA
526	-58.4453288779053	-34.6270687985128	Banco Supervielle	Sucursal - Pedro Goyena	4432-2678/4433-4577/4988-0093	pedrogoyena@supervielle.com.ar	GOYENA PEDRO	1291			Caballito	6	1406	C1406GWB
372	-58.4442392533894	-34.627031126755	Bbva Banco Frances	Sucursal 179 - Caballito	4431-1541/4431-1260/4431-1913/4431-1266		GOYENA PEDRO	1200			Caballito	6	1406	C1406GWN
252	-58.4512650047699	-34.6283896150977	Banco Galicia	Sucursal 27 - Pedro Goyena	4432-3847/4433-1754		GOYENA PEDRO	1642			Caballito	6	1406	C1406GWS
508	-58.4779798790845	-34.6868872436503	Banco Santander Rio	Sucursal 326 - Villa Lugano	4110-5000		GUAMINI	4843			Villa Riachuelo	8	1439	C1439HAG
765	-58.3656344395878	-34.6051488699225	Banco Cmf	Sucursal - Buenos Aires	4318-6800	info@bancocmf.com.ar	GUEMES MACACHA	150			Puerto Madero	1	1106	C1106BKD
529	-58.3909199502804	-34.6180283970855	Banco Supervielle	Sucursal - Constitucion	4381-3762	SucursalConstitucion@supervielle.com.	INDEPENDENCIA	1743			Monserrat	1	1100	C1100ABE
350	-58.3925371004257	-34.6181154699318	Citibank	Sucursal - San Cristobal			INDEPENDENCIA	1847			Balvanera	3	1225	C1225AAA
266	-58.4178164980079	-34.6209879591534	Banco Galicia	Sucursal 69 - Almagro Sur	4932-5086/4932-5201		INDEPENDENCIA	3691			Almagro	5	1226	C1226AAB
72	-58.4163990639778	-34.6208838280291	Banco De La Nacion Argentina	Sucursal - Boedo	4932-6138		INDEPENDENCIA	3599			Almagro	5	1226	C1226AAA
746	-58.3785497345941	-34.6270264695881	Banco Comafi	Sucursal - Constitucion	4300-0334		IRIGOYEN BERNARDO DE	1578			Constitucion	1	1138	C1138ABH
685	-58.3795301079037	-34.6243299028905	Banco Itau	Sucursal 053 - Constitucion	4300-2277/4300-1681		IRIGOYEN BERNARDO DE	1340			Constitucion	1	1138	C1138ABD
375	-58.3784788389435	-34.6272319124164	Bbva Banco Frances	Sucursal 6 - Constitucion	4300-2891/4307-3501/4307-9422/4307-9934		IRIGOYEN BERNARDO DE	1600			Constitucion	1	1138	C1138ABH
209	-58.3804458034867	-34.6128216453792	Banco Patagonia	Sucursal 23 - Irigoyen	4334-0419/4334-0583/4334-4060		IRIGOYEN BERNARDO DE	400			Monserrat	1	1072	C1072AAH
150	-58.3801179609809	-34.6195320709954	Banco De La Provincia De Buenos Aires	Sucursal 1 - Bernardo De Irigoyen	4307-4210/4300-5260		IRIGOYEN BERNARDO DE	986			Constitucion	1	1072	C1072AAT
88	-58.380101513104	-34.6196661553829	Banco De La Nacion Argentina	Sucursal - Carlos Calvo	4300-5020		IRIGOYEN BERNARDO DE	1000			Constitucion	1	1072	C1072AAT
2	-58.3804827909027	-34.6120500148062	Banco Ciudad De Buenos Aires	Anexo Suc. 02. Monserrat	4343-0347		IRIGOYEN, BERNARDO DE	312			Monserrat	1	1072	C1072AAH
1	-58.3804780928139	-34.612147401728	Banco Ciudad De Buenos Aires	Sucursal 02 - Monserrat	4342-2070/4334-9562	suc02@bancociudad.com.ar	IRIGOYEN, BERNARDO DE	320			Monserrat	1	1072	C1072AAH
494	-58.3777154920371	-34.5927818282712	Banco Santander Rio	Sucursal 109 - Juncal	4110-4800		JUNCAL	735			Retiro	1	1062	C1062ABC
705	-58.3973846465167	-34.5953469705759	Banco Itau	Sucursal 096 - Junin	5218-7430/4822-3377		JUNIN	1116			Recoleta	2	1113	C1113AAH
676	-58.4532374361437	-34.5599274586694	Banco Itau	Sucursal 058 - Barrancas	4787-1770/4784-1226/4784-7149		JURAMENTO	2013			Belgrano	13	1428	C1428DNG
554	-58.4581433333663	-34.562937789784	Banco Macro	Sucursal - Belgrano			JURAMENTO	2558			Belgrano	13	1428	C1428DNR
242	-58.4537801768751	-34.5602505254547	Banco Galicia	Sucursal 17 - Juramento	4781-2476/4782-2389/4780-0060		JURAMENTO	2095			Belgrano	13	1428	C1428DNG
563	-58.4758958910754	-34.6180557013662	Banco Macro	Sucursal - Flores Norte			JUSTO JUAN B.	5688			Villa Santa Rita	11	1416	C1416DKX
468	-58.458574486072	-34.6047070900655	Banco Santander Rio	Sucursal 50 - Paternal	4110-2800		JUSTO JUAN B.	4004			Caballito	6	1416	C1416DJU
378	-58.4913140796351	-34.6272983992488	Bbva Banco Frances	Sucursal 25 - Floresta	4636-1045/4636-1049/4671-4054/4671-6134/4671-7464		JUSTO JUAN B.	7132			Velez Sarsfield	10	1407	C1407FAW
257	-58.4666740987634	-34.6107995798775	Banco Galicia	Sucursal 33 - Villa General Mitre	4514-7817/4514-7818/4514-7819		JUSTO JUAN B.	4802			Villa Gral. Mitre	11	1416	C1416DKP
248	-58.4852886226669	-34.6247833805573	Banco Galicia	Sucursal 23 - Galicia	4636-0308/4636-0613/4636-3542		JUSTO JUAN B.	6629			Floresta	10	1407	C1407FAE
521	-58.4515510167137	-34.5632229431794	Banco Supervielle	Sucursal - Belgrano	4781-2391/4782-9201/4783-0065	belgrano@supervielle.com.ar	LA PAMPA	2103			Belgrano	13	1428	C1428EAK
38	-58.4549345493071	-34.565220251537	Banco Ciudad De Buenos Aires	Sucursal 37 - Pampa	4780-3096/4780-3201	suc37@bancociudad.com.ar	LA PAMPA	2477			Belgrano	13	1428	C1428EAQ
660	-58.4225049112969	-34.6431749708175	Banco Credicoop Cooperativo Limitado	Sucursal 15 - Pompeya	4924-6476		LA PLATA	2428			Nueva Pompeya	4	1437	C1437DHP
655	-58.4257249645938	-34.6320131981593	Banco Credicoop Cooperativo Limitado	Sucursal 41 - Parque Chacabuco	4921-2359		LA PLATA	1437			Parque Chacabuco	7	1250	C1250AAE
544	-58.4287192923417	-34.6170377977215	Banco Supervielle	Sucursal - Parque Rivadavia	4981-4064/4981-4727/4981-4795/4981-4960	parquerivadavia@supervielle.com.ar	LA PLATA	180			Almagro	5	1184	C1184AAO
525	-58.4280863965658	-34.6211357255765	Banco Supervielle	Sucursal - Caballito	4901- 8414/4901-5581/4903-2922	SucursalCaballito@supervielle.com.ar	LA PLATA	537			Caballito	6	1235	C1235ABC
444	-58.4288691478785	-34.6163590388865	Banco Santander Rio	Sucursal 404 - La Plata	4118-7400		LA PLATA	96			Almagro	5	1184	C1184AAN
371	-58.4247394536932	-34.6358084123319	Bbva Banco Frances	Sucursal 173 - Caballito	4923-5687/4923-5706/4923-5725/4923-5782		LA PLATA	1805			Parque Chacabuco	7	1250	C1250AAI
360	-58.4279251343663	-34.6208739110985	Bbva Banco Frances	Sucursal 306 - Almagro	4981-0374/4982-0310/4983-0286/4983- 8381		LA PLATA	510			Almagro	5	1235	C1235ABP
283	-58.4226947931949	-34.6429769837655	Banco Galicia	Sucursal 160 - Avenida Chiclana	4923-3274/4923-7408/4924-1455/4921-5389		LA PLATA	2402			Nueva Pompeya	4	1437	C1437DHP
108	-58.4257051498424	-34.6320905489122	Banco De La Nacion Argentina	Sucursal - Caballito Sur	4921-0284		LA PLATA	1455			Parque Chacabuco	7	1250	C1250AAE
80	-58.4274790099109	-34.6242020590434	Banco De La Nacion Argentina	Sucursal - Avda. La Plata	4921-8611		LA PLATA	739			Caballito	6	1235	C1235ABE
442	-58.4267660188617	-34.6274368350391	Banco Santander Rio	Sucursal 24 - Almagro	4110-1600		LA PLATA AV	1031			Parque Chacabuco	7	1250	C1250AAA
646	-58.4526479174125	-34.5829728264644	Banco Credicoop Cooperativo Limitado	Sucursal 11 - Colegiales	4553-5046		LACROZE FEDERICO	3763			Chacarita	15	1427	C1427EDC
374	-58.4454278191916	-34.5707440822219	Bbva Banco Frances	Sucursal 317 - Colegiales	4771-0032/4771-0034/4771-0166/4771-0212		LACROZE FEDERICO	2451			Colegiales	13	1426	C1426CPJ
246	-58.4490522846478	-34.5771059500892	Banco Galicia	Sucursal 21 - Colegiales	4552-5218/4552-1571/4552-4475/4553-2914		LACROZE FEDERICO	3101			Colegiales	13	1426	C1426CQE
149	-58.4536296855182	-34.5848394416979	Banco De La Provincia De Buenos Aires	Sucursal 11 - Federico Lacroze	4553-3035/4553-5375/4553-0296/4553-9787/4553-0616		LACROZE FEDERICO	3960			Chacarita	15	1427	C1427EDR
86	-58.4465124129517	-34.5729141719706	Banco De La Nacion Argentina	Sucursal - Colegiales	4553-6501		LACROZE FEDERICO	2668			Colegiales	13	1426	C1426CPY
9	-58.4551181939926	-34.5869816762735	Banco Ciudad De Buenos Aires	Anexo Lacroze (Ferrocarril Urquiza)	4553-0264/0051		LACROZE, FEDERICO AV.	0		CORRIENTES AV.	Chacarita	15		
182	-58.4420650629422	-34.6600723436876	Banco De La Provincia De Buenos Aires	Sucursal 30 - Villa Soldati	4918-7784/4918-8672/4918-8387		LAFUENTE	2862			Villa Soldati	8	1437	C1437BUS
28	-58.4018400010264	-34.6096433622494	Banco Ciudad De Buenos Aires	Anexo Suc. 22			LARREA	11			Balvanera	3	1030	C1030AAA
271	-58.4124309828309	-34.581752733579	Banco Galicia	Sucursal 127 - Ugarteche	4801-4794/4801-4795/4801-5651/4805-0949		LAS HERAS	3799			Palermo	14	1425	C1425ATB
730	-58.3901084330295	-34.5931096579314	Bnp Paribas	Sucursal - Plaza Vicente Lopez	4816-5164/5077-2440		LAS HERAS GENERAL	1601			Recoleta	2	1018	C1018AAA
727	-58.4062865257568	-34.5833050548807	Bnp Paribas	Sucursal - Plaza Las Heras	4804-0226		LAS HERAS GENERAL	3201			Palermo	14	1425	C1425ASJ
700	-58.4041715965525	-34.5833263858101	Banco Itau	Sucursal 041 - Las Heras	4801-0190/4801-9981/4801-9992		LAS HERAS GENERAL	3015			Palermo	14	1425	C1425ASH
613	-58.3950288044375	-34.5891070692221	Hsbc Bank Argentina S. A.	Sucursal - Las Heras / Pueyrredon	4803-7602/4803-7731/4805-3945		LAS HERAS GENERAL	2111			Recoleta	2	1127	C1127AAD
612	-58.4033100454904	-34.5835564595562	Hsbc Bank Argentina S. A.	Sucursal - Las Heras	4802-9300		LAS HERAS GENERAL	2958			Recoleta	2	1425	C1425AST
556	-58.4112360913328	-34.581850456526	Banco Macro	Sucursal - Botanico			LAS HERAS GENERAL	3701			Palermo	14	1425	C1425ATB
517	-58.39821302478	-34.5864602338045	Banco Supervielle	Sucursal - Plaza Francia	4803-1185/4803-2051/4803-7999	plazafrancia@supervielle.com.ar	LAS HERAS GENERAL	2401			Recoleta	2	1425	C1425ASB
488	-58.3901687484715	-34.5931676973572	Banco Santander Rio	Sucursal 23 - Plaza Vte. Lopez	4110-1500		LAS HERAS GENERAL	1602			Recoleta	2	1018	C1018AAN
408	-58.3977420108904	-34.5871206409389	Bbva Banco Frances	Sucursal 178 - Palermo	4805-4507/4805-3298/4805-4681/4805-5409		LAS HERAS GENERAL	2332			Recoleta	2	1425	C1425ASN
340	-58.4098578331753	-34.5822144033222	Citibank	Sucursal - Botanico			LAS HERAS GENERAL	3581			Palermo	14	1425	C1425ASM
323	-58.4040138047111	-34.5833251804381	Standard Bank	Sucursal 867 - Las Heras	4801-0939/4801-0915/4806-8126/4806-8013		LAS HERAS GENERAL	3001			Palermo	14	1425	C1425ASH
30	-58.4049142588594	-34.5833321672689	Banco Ciudad De Buenos Aires	Sucursal 25 - Las Heras	4802-2843/4804-6592	suc25@bancociudad.com.ar	LAS HERAS GENERAL AV.	3099			Palermo	14	1425	C1425ASH
710	-58.3860138103947	-34.6027982207866	Banco Itau	Sucursal 089 - Tribunales	4375-3077/4375-3078/4375-3079		LAVALLE	1354			San Nicolas	1	1048	C1048AAH
690	-58.3734529267632	-34.6021273030292	Banco Itau	Sucursal 007 - Lavalle	4393-2425/4393-4950/4393-4526/4394-7576		LAVALLE	468			San Nicolas	1	1047	C1047AAJ
501	-58.3830411399121	-34.6025725209744	Banco Santander Rio	Sucursal 115 - Plaza Lavalle	4116-5600		LAVALLE	1141			San Nicolas	1	1048	C1048AAC
249	-58.3823923639141	-34.6026207279621	Banco Galicia	Sucursal 24 - Plaza De La Republica	4382-8529/4384-6777/4384-6778/4381-1604		LAVALLE	1102			San Nicolas	1	1048	C1048AAD
210	-58.3732964777302	-34.6021169048989	Banco Patagonia	Sucursal 160 - Lavalle	4326-4711/4326-4719/4326-4708/4326-4709		LAVALLE	456			San Nicolas	1	1047	C1047AAJ
174	-58.3886439164283	-34.6028926808216	Banco De La Provincia De Buenos Aires	Sucursal 22 - S.A.D.A.I.C.	4374-1581/4374-1921		LAVALLE	1547			San Nicolas	1	1048	C1048AAK
126	-58.3868758706206	-34.6028550905376	Banco De La Nacion Argentina	Sucursal - Tribunales	4374-2733		LAVALLE	1402			San Nicolas	1	1048	C1048AAJ
125	-58.3749881656131	-34.6021758528779	Banco De La Nacion Argentina	Sucursal - Lavalle (Cap. Fed.)	4393-2804		LAVALLE	593			San Nicolas	1	1047	C1047AAK
618	-58.3819677589922	-34.6095409464502	Hsbc Bank Argentina S. A.	Sucursal - Monserrat	4381-3046/4381-3047/4382-6522		LIMA	93			Monserrat	1	1073	C1073AAA
33	-58.5062054384056	-34.5932015200343	Banco Ciudad De Buenos Aires	Sucursal 27 - Devoto	4571-6092/4571-6166	suc27@bancociudad.ar	LLAVALLOL	4307			Villa Devoto	11	1419	C1419AKG
779	-58.5212646289028	-34.6168405511983	Caja De Credito Villa Real	Sucursal - Casa Central	4639-2198		LOPE DE VEGA	2723			Villa Devoto	11	1417	C1417COL
102	-58.419085128021	-34.6512487677212	Banco De La Nacion Argentina	Sucursal - Nueva Pompeya	4918-1816		LUPPI ABRAHAM J.	1086			Nueva Pompeya	4	1437	C1437FRD
342	-58.3700637660618	-34.5972417737008	Citibank	Sucursal - Catalinas			MADERO EDUARDO	900			Retiro	1	1106	C1106ACV
652	-58.3764866770753	-34.607348666034	Banco Credicoop Cooperativo Limitado	Sucursal 119 - Monserrat	5171-6464		MAIPU	72			San Nicolas	1	1084	C1084ABB
585	-58.3764778209523	-34.6074880576975	Banco Provincia Del Neuquen	Sucursal - Capital Federal	4343-9500		MAIPU	50			San Nicolas	1	1084	C1084ABB
581	-58.37642725115	-34.6070902539865	Banco Santa Cruz	Sucursal - Buenos Aires	4342-1055/4342-1109	atencionalcliente05@santacruz.com	MAIPU	99			San Nicolas	1	1084	C1084ABA
571	-58.37642725115	-34.6070902539865	Banco De San Juan S.A.	Sucursal - Buenos Aires	4333-1893		MAIPU	99			San Nicolas	1	1084	C1084ABA
793	-58.3631712440486	-34.6068436654075	Bnp Paribas	Sucursal - Puerto Madero	5077-2410		MANSO JUANA	811	DIQUE 3		Puerto Madero	1	1107	C1107CBQ
484	-58.3619433484678	-34.615261877098	Banco Santander Rio	Sucursal 382 - Juana Manso	4109-5700		MANSO JUANA	1530			Puerto Madero	1	1107	C1107CHF
547	-58.4840774415128	-34.555030254983	Banco Supervielle	Sucursal - Saavedra	4547-0183/4547-0185/4547-0184	saavedra@supervielle.com.ar	MANZANARES	4012			Saavedra	12	1430	C1430AEN
794	-58.3732313778795	-34.6320196798449	Banco Santander Rio				MARTIN GARCIA	673			Barracas	4	1268	C1268ABC
616	-58.4358369728215	-34.566502144731	Hsbc Bank Argentina S. A.	Sucursal - Maure	4772-4846/4775-4402/4776-2416/4777-6106		MAURE	1691			Palermo	14	1426	C1426CUC
783	-58.3724976014562	-34.6067149974032	Banco De Credito Y Securitizacion	Sucursal - Casa Central	4347-1020		MITRE BARTOLOME	430	PISO 8		San Nicolas	1	1036	C1036AAH
736	-58.37777199027	-34.6070772995806	Banco Saenz	Sucursal - Centro	4342-6969/4342-6963		MITRE BARTOLOME	800			San Nicolas	1	1036	C1036AAN
692	-58.3790596895513	-34.607111712503	Banco Itau	Sucursal 061 - Centro	4328-8440/4328-9050/4328-8827/4328-8823		MITRE BARTOLOME	899			San Nicolas	1	1036	C1036AAO
570	-58.3713335789158	-34.6065683684981	Banco De Cordoba	Sucursal 101 - Buenos Aires			MITRE BARTOLOME	335			San Nicolas	1	1036	C1036AAE
498	-58.3733869027102	-34.6067767470059	Banco Santander Rio	Sucursal 0 - Casa Central	4341-1000		MITRE BARTOLOME	480			San Nicolas	1	1036	C1036AAH
439	-58.3713335789158	-34.6065683684981	Banco De Cordoba	Sucursal 101 - Buenos Aires			MITRE BARTOLOME	335			San Nicolas	1	1036	C1036AAE
356	-58.3742659302041	-34.606867755294	Citibank	Sucursal - Casa Central			MITRE BARTOLOME	502			San Nicolas	1	1036	C1036AAJ
123	-58.3714749442881	-34.6065794149284	Banco De La Nacion Argentina	Sucursal - Florida	4331-2961		MITRE BARTOLOME	343			San Nicolas	1	1036	C1036AAE
120	-58.3715946081283	-34.606650662267	Banco De La Nacion Argentina	Sucursal - Casa Central	4347-6000		MITRE BARTOLOME	326			San Nicolas	1	1036	C1036AAF
367	-58.4663851739609	-34.562062115425	Bbva Banco Frances	Sucursal 307 - Belgrano	4543-3899/4543-9203/4544-3602		MONROE	3099			Belgrano	13	1428	C1428BLY
84	-58.4716500628676	-34.5658233221297	Banco De La Nacion Argentina	Sucursal - Monroe	4542-4639		MONROE	3640			Belgrano	13	1430	C1430BLN
674	-58.3742480864093	-34.639966200599	Banco Itau	Sucursal 040 - Barracas	4301-1446/4302-9153/4302-9686		MONTES DE OCA MANUEL	1022			Barracas	4	1270	C1270AAX
596	-58.3731770291519	-34.6469280632664	Hsbc Bank Argentina S. A.	Sucursal - Barracas	4301-1311/4301-4808/4301-9775		MONTES DE OCA MANUEL	1701			Barracas	4	1270	C1270ABE
516	-58.3731958204597	-34.6453586508684	Banco Supervielle	Sucursal - Montes De Oca	4115-0001/4115-0002/5648-0085/5648-0086/5648-00875		MONTES DE OCA MANUEL	1580			Barracas	4	1270	C1270ABP
515	-58.3748708784793	-34.63657849681	Banco Supervielle	Sucursal - Barracas	4301-3966/4302-2303/4302-7007	barracas@supervielle.com.ar	MONTES DE OCA MANUEL	736			Barracas	4	1270	C1270AAU
363	-58.374300853379	-34.6408462838735	Bbva Banco Frances	Sucursal 32 - Barracas	4301-3519/4302-7260/4303-4105 /4303-4106		MONTES DE OCA MANUEL	1107			Barracas	4	1270	C1270AAL
241	-58.375017520107	-34.635830154113	Banco Galicia	Sucursal 16 - Parque Lezama	4300-8541/4300-8542		MONTES DE OCA MANUEL	650			Barracas	4	1270	C1270AAT
191	-58.3751374364568	-34.636260481581	Banco Patagonia	Sucursal 315 - Barracas	4302-8066/4302-8298/4301-2659		MONTES DE OCA MANUEL	701			Barracas	4	1270	C1270AAH
143	-58.3747380474773	-34.6383547652412	Banco De La Provincia De Buenos Aires	Sucursal 17 - Barracas	4301-2615/4301-6825/4301-3943/4301-4978/4302-7589		MONTES DE OCA MANUEL	873			Barracas	4	1270	C1270AAI
78	-58.3732386955712	-34.6465846629705	Banco De La Nacion Argentina	Sucursal - Barracas	4302-3963		MONTES DE OCA MANUEL	1699			Barracas	4	1270	C1270ABD
548	-58.3894882430553	-34.6032678477244	Banco Supervielle	Sucursal - Tribunales	4374-2131/4373-6283/4374-3039	tribunales@supervielle.com.ar	MONTEVIDEO	498			San Nicolas	1	1019	C1019ABJ
346	-58.526258000328	-34.6409960910945	Citibank	Sucursal - Liniers			MONTIEL	160			Liniers	9	1408	C1408FVD
763	-58.3674710536534	-34.6000060330588	Mba Lazard	Sucursal - Argentina	4319-5900	gcharnas@mba-lazard.com	MOREAU DE JUSTO ALICIA	140			Puerto Madero	1	1107	C1107AAD
661	-58.3653197375807	-34.6230314824946	Banco Credicoop Cooperativo Limitado	Sucursal 174 - Puerto Madero	4314-8291		MOREAU DE JUSTO ALICIA	2036			Puerto Madero	1	1107	C1107AFP
483	-58.3667655426475	-34.6060651983313	Banco Santander Rio	Sucursal 222 - Puerto Madero	4110-5600		MOREAU DE JUSTO ALICIA	730			Puerto Madero	1	1107	C1107AAP
413	-58.3665404924964	-34.6080322914894	Bbva Banco Frances	Sucursal 123 - Puerto Madero	4342-2474/4342-2500/4342-4060/4342-6176		MOREAU DE JUSTO ALICIA	840			Puerto Madero	1	1107	C1107AAR
394	-58.3673043559098	-34.6014529607976	Bbva Banco Frances	Sucursal 341 - Microcentro	4315-6346/4315-6347/4315-6348		MOREAU DE JUSTO ALICIA	264	LOCAL 306		Puerto Madero	1	1107	C1107AAF
795	-58.4000956953484	-34.6132339663589	Banco Santander Rio		4110-7600		MORENO	2400			Balvanera	3	1094	C1094ABL
725	-58.378449366534	-34.6117314398908	Bnp Paribas	Sucursal - Moreno	4343-8644		MORENO	838			Monserrat	1	1091	C1091AAR
694	-58.373251016545	-34.6114126249559	Banco Itau	Sucursal 064 - Moreno	4331-0848/4345-4592		MORENO	498			Monserrat	1	1091	C1091AAJ
538	-58.3787157811273	-34.6116853235675	Banco Supervielle	Sucursal - Montserrat	4343-7041	monserrat@supervielle.com.ar	MORENO	877			Monserrat	1	1091	C1091AAQ
400	-58.3803111745822	-34.6118477187896	Bbva Banco Frances	Sucursal 319 - Monserrat	4334-1600/4334-1610/4334-1620/4331-3674		MORENO	998			Monserrat	1	1091	C1091AAT
205	-58.3892834584024	-34.6124458213482	Banco Patagonia	Centro De Atencion Comercial Departamento Central De Policia	4383-7057/4383-7166		MORENO	1617			Monserrat	1	1093	C1093ABE
524	-58.4352426339988	-34.6208662854582	Banco Supervielle	Sucursal - Caballito	4901-8235/4902-3008/4902-0313	caballito@supervielle.com.ar	MORENO JOSE MARIA AV	230			Caballito	6	1424	C1424AAP
667	-58.5009219590804	-34.5854052941931	Banco Credicoop Cooperativo Limitado	Sucursal 22 - Villa Pueyrredon	4571-7888		MOSCONI GENERAL AV.	2793			Villa Pueyrredon	12	1419	C1419EQG
632	-58.5105954503282	-34.5912991644759	Hsbc Bank Argentina S. A.	Sucursal - Villa Devoto	4501-1948/4501-5324/4502-7110/4504-4959/4504-4606		MOSCONI GENERAL AV.	3525			Villa Devoto	11	1419	C1419ERB
435	-58.5012591827785	-34.5858152193049	Bbva Banco Frances	Sucursal 309 - Villa Pueyrredon	4574-2215/4574-2216/4574-2217/4574-2218		MOSCONI GENERAL AV.	2816			Villa Pueyrredon	12	1419	C1419EQU
255	-58.4957945410694	-34.5824281100245	Banco Galicia	Sucursal 30 - Villa Pueyrredon	4573-0572/4574-0256		MOSCONI GENERAL AV.	2340			Villa Pueyrredon	12	1419	C1419EQP
132	-58.5114029052162	-34.5918569463634	Banco De La Nacion Argentina	Sucursal - Gral. Mosconi			MOSCONI GRAL.	3581			Villa Devoto	11	1419	C1419ERB
181	-58.4740743917292	-34.6782607294486	Banco De La Provincia De Buenos Aires	Sucursal 33 - Villa Lugano	4601-4359/4602-5519/4602-4642		MURGUIONDO	4349			Villa Lugano	8	1439	C1439FTE
134	-58.4760772069625	-34.6765932465717	Banco De La Nacion Argentina	Sucursal - Villa Lugano	4602-6050		MURGUIONDO	4130			Villa Lugano	8	1439	C1439FTB
448	-58.4682832756907	-34.5727804299153	Banco Santander Rio	Sucursal 204 - Belgrano R	4110-6400		NAON ROMULO	1802			Villa Urquiza	12	1430	C1430EPB
714	-58.4953863919218	-34.6027260629266	Banco Itau	Sucursal 003 - Villa Del Parque	4502-1881/4502-9444/4501-6309		NAZARRE	3262			Villa Del Parque	11	1417	C1417DXD
507	-58.4950080761837	-34.6024097266871	Banco Santander Rio	Sucursal 373 - Villa Del Parque	4109-5600		NAZARRE	3225			Villa Del Parque	11	1417	C1417DXC
672	-58.4831956606947	-34.6093351669978	Banco Credicoop Cooperativo Limitado	Sucursal 52 - Villa Sahores	4581-0635		NAZCA	2208			Villa Santa Rita	11	1416	C1416ASY
648	-58.471131706605	-34.6276129944991	Banco Credicoop Cooperativo Limitado	Sucursal 221 - Flores Norte	4612-0943		NAZCA	392			Flores	7	1406	C1406AJP
432	-58.4809067699827	-34.6122156704255	Bbva Banco Frances	Sucursal 42 - Villa Gral. Mitre	4581-2893/4582-1806/4582-3434/4584-2034/4584-5361		NAZCA	1922			Villa Santa Rita	11	1416	C1416ASV
264	-58.4838612015163	-34.6085306487641	Banco Galicia	Sucursal 67 - Nazca	4580-2001/4580-2002/4580-2003/4580-2004		NAZCA	2330			Villa Del Parque	11	1416	C1416ASZ
138	-58.4808466455361	-34.6122912075889	Banco De La Nacion Argentina	Sucursal - Nazca	4582-1219		NAZCA	1914			Villa Santa Rita	11	1416	C1416ASV
755	-58.4925468179901	-34.6032560791026	Banco Comafi	Sucursal - Villa Del Parque	4503-3517		NOGOYA	3135			Villa Del Parque	11	1417	C1417FNG
589	-58.4924196584642	-34.6033048811185	Banco Columbia	Sucursal - Villa Del Parque	4501-0897/4502-7907/4505-2781		NOGOYA	3132			Villa Del Parque	11	1417	C1417FNH
429	-58.494147502933	-34.6043079713649	Bbva Banco Frances	Sucursal 105 - Villa Del Parque	4502-2615/4502-7581/4504-2358/4501-7789		NOGOYA	3256			Villa Del Parque	11	1417	C1417FNJ
41	-58.4930340907296	-34.6036626422604	Banco Ciudad De Buenos Aires	Sucursal 43 - Villa Del Parque	4505-2403/4505-2398	suc43@bancociudad.com.ar	NOGOYA	3174			Villa Del Parque	11	1417	C1417FNH
180	-58.5118111748002	-34.6002837941538	Banco De La Provincia De Buenos Aires	Delegacion Plaza Arenales	4502-2674/4502-2713/4502-2733		NUEVA YORK	4020			Villa Devoto	11	1419	C1419HDR
47	-58.4107964485093	-34.557975092096	Banco Ciudad De Buenos Aires	Sucursal 51 - Aeroparque	4774-0103/4778-1272	suc51@bancociudad.com.ar	OBLIGADO RAFAEL, AV.COSTANERA	4000			Palermo	14	1428	
185	-58.3641067393167	-34.6019546673215	Abn Amro Bank N. V.	Puerto Madero	4320-0600		OCAMPO VICTORIA	360	PISO 6 y 7		Puerto Madero	1	1107	C1107BGA
726	-58.4380441317334	-34.564780788758	Bnp Paribas	Sucursal - Olleros	5077-2430		OLLEROS	1747			Palermo	14	1426	C1426CRE
216	-58.4375387083846	-34.5646661407462	Banco Patagonia	Sucursal 116 - Olleros	4772-1960/4775-2253/4775-2353/4899-0512		OLLEROS	1712			Palermo	14	1426	C1426CRF
791	-58.4439595730206	-34.5411746564625	Banco Patagonia	Centro De Atencion Comercial Ciudad Universitaria	4780-5446		PABELLON III	0			Belgrano	13		
624	-58.3772086576711	-34.5976392172748	Hsbc Bank Argentina S. A.	Sucursal - Plaza San Martin	4313-0123/4313-4627		PARAGUAY	720			Retiro	1	1057	C1057AAJ
493	-58.3777893333592	-34.5975965393548	Banco Santander Rio	Sucursal 321 - Paraguay	4116-1700		PARAGUAY	767			Retiro	1	1057	C1057AAI
682	-58.3879480466939	-34.604562959407	Banco Itau	Sucursal 035 - Parana	5217-6754 /4371-6191		PARANA	370			San Nicolas	1	1017	C1017AAH
611	-58.3878799184297	-34.6060321850752	Hsbc Bank Argentina S. A.	Sucursal - La Piedad	4373-7393/4373-7401/4373-7406/4373-7416		PARANA	242			San Nicolas	1	1017	C1017AAF
505	-58.3880236821399	-34.6011446001285	Banco Santander Rio	Sucursal 370 - Viamonte	4137-1300		PARANA	645			San Nicolas	1	1017	C1017AAM
231	-58.3879663883576	-34.6034653083524	Banco Galicia	Sucursal 05 - Centro	4373-0748/4373-0042		PARANA	450			San Nicolas	1	1017	C1017AAJ
52	-58.3881583080512	-34.6002572878948	Banco Ciudad De Buenos Aires	Sucursal 58 - Consejo Profesional	4816-0529/4375-3849	suc58@bancociudad.com.ar	PARANA	744			San Nicolas	1	1017	C1017AAP
118	-58.4704498783188	-34.5470411726044	Banco De La Nacion Argentina	Sucursal - Saavedra	4576-4501		PAROISSIEN	2443			Saavedra	12	1429	C1429CXK
425	-58.3695639333622	-34.6138211631497	Bbva Banco Frances	Sucursal 118 - San Telmo	4343-8379/4343-8382/4345-5924/4345-5925/4345-5927		PASEO COLON	505			Monserrat	1	1063	C1063ACF
259	-58.3694927519229	-34.616924365536	Banco Galicia	Sucursal 37 - Paseo Colon	4343-4092/4343-4108		PASEO COLON	793			San Telmo	1	1063	C1063ACH
220	-58.3695639333622	-34.6138211631497	Banco Patagonia	Sucursal 115 - Paseo Colon	4323-4023/4323-4024/4323-4033/4323-4043		PASEO COLON	515			Monserrat	1	1063	C1063ACF
792	-58.3692195219471	-34.6111735014848	Banco Patagonia	Centro De Atencion Comercial Edificio Libertador	4343-5007		PASEO COLON AV.	0	PISO 1	MORENO	Monserrat	1		
416	-58.3814804306879	-34.5914299469428	Bbva Banco Frances	Sucursal 51 - Recoleta	4393-0449/4393-0450/4393-0054		PELLEGRINI CARLOS	1413			Retiro	1	1011	C1011AAC
311	-58.3809681483198	-34.6028096620964	Standard Bank	Sucursal 537 - Microcentro	4820-4802/4820-4807/4820-4809		PELLEGRINI CARLOS	479			San Nicolas	1	1009	C1009ABI
243	-58.3814998998098	-34.591719354332	Banco Galicia	Sucursal 18 - Arroyo	4325-2305/4393-2557/4325-1440/4325-1442		PELLEGRINI CARLOS	1391			Retiro	1	1011	C1011AAA
113	-58.3812704865969	-34.5980054743614	Banco De La Nacion Argentina	Sucursal - Carlos Pellegrini (Cap. Fed.)	4322-6635		PELLEGRINI CARLOS	899			Retiro	1	1009	C1009ABQ
12	-58.3808147650865	-34.6054997053288	Banco Ciudad De Buenos Aires	Sucursal 12 - Obelisco	4327-1727/4327-1720	suc12@bancociudad.com.ar	PELLEGRINI, CARLOS	251			San Nicolas	1	1009	C1009ABE
207	-58.3879743998115	-34.6347918102022	Banco Patagonia	Sucursal 319 - Hospital Britanico	4309-6900/4309-6901		PERDRIEL	74			Barracas	4	1280	C1280AEB
649	-58.4768651473346	-34.6560427637598	Banco Credicoop Cooperativo Limitado	Sucursal 46 - Flores Sud	4682-9777		PERON EVA	4735			Parque Avellaneda	9	1407	C1407HUL
383	-58.4790523644531	-34.6579226971375	Bbva Banco Frances	Sucursal 187 - Mataderos	4635-4733/4635-4735/4635-4762/4635-4763		PERON EVA	4941			Mataderos	9	1439	C1439BSA
280	-58.4675754236464	-34.646828319945	Banco Galicia	Sucursal 157 - Parque Avellaneda	4611-3116/4611-3243/4611-9864		PERON EVA	3760			Parque Avellaneda	9	1407	C1407HUO
214	-58.4788779322711	-34.657968715735	Banco Patagonia	Sucursal 104 - Mataderos	4682-5229/4682-5325/4683-9598		PERON EVA	4902			Villa Lugano	8	1439	C1439BSN
164	-58.4778198638797	-34.6571127868067	Banco De La Provincia De Buenos Aires	Sucursal 32  - Olivera	4635-8228/4683-5540/4683-1812/4683-1933		PERON EVA	4834			Parque Avellaneda	9	1407	C1407HUZ
90	-58.4570401109048	-34.6412847110642	Banco De La Nacion Argentina	Sucursal - Eva Peron	4633-7243		PERON EVA	2616			Flores	7	1406	C1406HNO
644	-58.3734963671342	-34.6055644543073	Banco Credicoop Cooperativo Limitado	Sucursal 440 - Catedral	4393-2353/4393-2357/4393-2359		PERON JUAN DOMINGO TTE GENERAL	479			San Nicolas	1	1038	C1038AAI
586	-58.3717202746546	-34.6054982479869	Banco Columbia	Casa Matriz	4222-0222		PERON JUAN DOMINGO TTE GENERAL	350			San Nicolas	1	1038	C1038AAH
575	-58.3715688509026	-34.605486168812	Nuevo Banco De Santa Fe	Sucursal - Buenos Aires	4329-7900		PERON JUAN DOMINGO TTE GENERAL	338			San Nicolas	1	1038	C1038AAH
573	-58.3727890073389	-34.6055112560017	Nuevo Banco De Entre Rios	Sucursal 032 - Buenos Aires	4130-0700		PERON JUAN DOMINGO TTE GENERAL	445			San Nicolas	1	1038	C1038AAI
395	-58.3748618993713	-34.6057422736053	Bbva Banco Frances	Sucursal 342 - Microcentro	4342-5137/4342-5147/4342-5148/4342-5174/4342-5204		PERON JUAN DOMINGO TTE GENERAL	588			San Nicolas	1	1038	C1038AAL
302	-58.3724738429265	-34.605487482487	Banco Galicia	Sucursal 999 - Casa Matriz	6329-0000		PERON JUAN DOMINGO TTE GENERAL	407			San Nicolas	1	1038	C1038AAI
202	-58.373453793541	-34.6056273946172	Banco Patagonia	Sucursal 10 - Centro	4132-6300		PERON JUAN DOMINGO TTE GENERAL	500			San Nicolas	1	1038	C1038AAJ
158	-58.3771504532861	-34.6058339361061	Banco De La Provincia De Buenos Aires	Delegacion Tte. Gral. Juan D. Peron	4326-5930/4326-6769/4328-0998/4326-1095		PERON JUAN DOMINGO TTE GENERAL	739			San Nicolas	1	1038	C1038AAO
60	-58.3840770841303	-34.6062450499939	Banco Ciudad De Buenos Aires	Anexo Sucursal 75			PERON, JUAN DOMINGO, TTE. GENERAL	1233			San Nicolas	1	1038	C1038AAY
771	-58.4061720995766	-34.6083498878353	Compañia Financiera Argentina	Sucursal - Once	4518-0580		PUEYRREDON	158			Balvanera	3	1032	C1032ABO
702	-58.4000507156484	-34.5897804931953	Banco Itau	Sucursal 057 - Pueyrredon	4805-1330/4805-1323		PUEYRREDON AV	1855			Recoleta	2	1119	C1119ACB
489	-58.3997733183394	-34.5889906629853	Banco Santander Rio	Sucursal 146 - Recoleta	4110-7100		PUEYRREDON AV	1914			Recoleta	2	1119	C1119ACP
487	-58.4034479815663	-34.5979359441868	Banco Santander Rio	Sucursal 195 - Av. Pueyrredon	4118-7000		PUEYRREDON AV	1055			Recoleta	2	1118	
420	-58.4035815135718	-34.5983247263359	Bbva Banco Frances	Sucursal 327 - Recoleta	4961-3485/4961-9026/4961-4914/4962-4917		PUEYRREDON AV	1001			Recoleta	2	1118	
324	-58.4011638041665	-34.592068310727	Standard Bank	Sucursal 930 - Pueyrredon	4823-2069/4826-7227/4827-2314		PUEYRREDON AV	1657			Recoleta	2	1118	C1118AAG
267	-58.4000856949959	-34.5898507641926	Banco Galicia	Sucursal 86 - Recoleta	4806-4051/4806-4063/4806-4065		PUEYRREDON AV	1845			Recoleta	2	1119	C1119ACB
105	-58.3979713436641	-34.5877520152378	Banco De La Nacion Argentina	Sucursal - Avda. Pueyrredon	4806-0336		PUEYRREDON AV	2120			Recoleta	2	1119	C1119ACR
657	-58.4517232336941	-34.6002989565482	Banco Credicoop Cooperativo Limitado	Sucursal 31 - Paternal	4854-4543		PUEYRREDON HONORIO DR.	1891			Villa Crespo	15	1414	C1414CEH
116	-58.3689223464751	-34.5885195949647	Banco De La Nacion Argentina	Sucursal  - Navibanco (Edif. Libertad)	4312-8875		PY COMODORO	2055			Retiro	1	1104	C1104BEA
115	-58.3707005576781	-34.5900040476097	Banco De La Nacion Argentina	Sucursal - Encomiendas Postales Internac.	4313-3965		PY COMODORO	0		ANTARTIDA ARGENTINA AV	Retiro	1		
569	-58.3858484344587	-34.5915618358905	Banco Macro	Sucursal - Quintana			QUINTANA	99			Retiro	1	1014	C1014ACA
752	-58.3893731187084	-34.5887205044714	Banco Comafi	Sucursal - Recoleta	4804-1099		QUINTANA MANUEL PRES.	439			Recoleta	2	1129	C1129ABA
701	-58.3905404924532	-34.5877924952321	Banco Itau	Sucursal 049 - Quintana	4804-8586/4804-0038/4804-3205		QUINTANA MANUEL PRES.	587			Recoleta	2	1129	C1129ABB
286	-58.3861002600824	-34.5914197588499	Banco Galicia	Sucursal 182 - Parera	4815-2379/4815-2382/4815-4223		QUINTANA MANUEL PRES.	111			Retiro	1	1014	C1014ACB
237	-58.3890008988339	-34.5890252920107	Banco Galicia	Sucursal 11 - Quintana	4804-9539/4804-2693/4804-3930		QUINTANA MANUEL PRES.	401			Recoleta	2	1129	C1129ABA
170	-58.3868348056403	-34.5908403399564	Banco De La Provincia De Buenos Aires	Delegacion 40 - Delegacion Recoleta	4815-5540/4815-1766/4815-0372/4815-2034		QUINTANA MANUEL PRES.	191			Retiro	1	1014	C1014ACB
42	-58.3719807443258	-34.5884706474997	Banco Ciudad De Buenos Aires	Sucursal 44 - Retiro	4508-6644/4508-6515	suc44@bancociudad.com.ar	RAMOS MEJIA, JOSE MARIA, DR. AV.	1650			Retiro	1	1104	C1104AJQ
790	-58.3724017036906	-34.6047651829949	Banco Central De La Republica Argentina	Sucursal - Casa Central	4348-3500		RECONQUISTA	266			San Nicolas	1	1003	C1003ABF
766	-58.3723871860663	-34.6037606236171	Banco Santiago Del Estero	Sucursal - Buenos Aires	4326-2434/4326-2576/4326-2143		RECONQUISTA	353			San Nicolas	1	1003	C1003ABG
645	-58.3725458135018	-34.6022344384961	Banco Credicoop Cooperativo Limitado	Sucursal 1 - Centro	4320-5222/4320-5091		RECONQUISTA	480			San Nicolas	1	1003	C1003ABJ
582	-58.3723664428882	-34.604102808441	Banco De La Pampa	Sucursal - Buenos Aires	4329-3100		RECONQUISTA	319			San Nicolas	1	1003	C1003ABG
578	-58.3722367528541	-34.6062732539804	Banco Hipotecario	Sucursal - Buenos Aires	4347-5714/4347-5117		RECONQUISTA	101			San Nicolas	1	1003	C1003ABC
535	-58.3724439401634	-34.6040519238155	Banco Supervielle	Sucursal - Casa Matriz	4324-8000	sucursalcentral@supervielle.com.ar	RECONQUISTA	330			San Nicolas	1	1003	C1003ABH
492	-58.3733549870464	-34.5948694447337	Banco Santander Rio	Sucursal 42 - Retiro	4018-6300		RECONQUISTA	1104			Retiro	1	1003	C1003ABX
397	-58.372264556059	-34.6070811448755	Bbva Banco Frances	Sucursal 999 - Microcentro	4348-0000		RECONQUISTA	40			San Nicolas	1	1003	C1003ABB
387	-58.37227727922	-34.6057424878179	Bbva Banco Frances	Sucursal 99 - Microcentro	4346-4422		RECONQUISTA	199			San Nicolas	1	1003	C1003ABC
58	-58.3724017036906	-34.6047651829949	Banco Ciudad De Buenos Aires	Anexo Banco Central Rep. Arg.	348-3500 int 2946		RECONQUISTA	266			San Nicolas	1	1003	C1003ABF
641	-58.3701052053717	-34.6350866568654	Banco Credicoop Cooperativo Limitado	Sucursal 59 - Barracas	4362-7594		REGIMIENTO DE PATRICIOS	537			Barracas	4	1265	C1265ADF
597	-58.3706961547818	-34.6298274348784	Hsbc Bank Argentina S. A.	Sucursal - Barrancas De Lezama	4339-6043/4339-6027/4339-6033/4339-6058		REGIMIENTO DE PATRICIOS	1			Barracas	4	1265	C1265ADA
15	-58.369429029836	-34.6384384859218	Banco Ciudad De Buenos Aires	Sucursal 14 - Barracas	4301-3749/4301-3953	suc14@bancociudad.com.ar	REGIMIENTO DE PATRICIOS AV.	902			Boca	4	1265	C1265AEP
796	-58.4037334330569	-34.6101551475715	Banco Credicoop Cooperativo Limitado		4951-1858		RIVADAVIA	2628			Balvanera	3	1034	C1034ACS
775	-58.5278799607107	-34.6393716831686	Compañia Financiera Argentina	Sucursal - Liniers	4644-5381		RIVADAVIA	11608			Liniers	9	1408	C1408ABQ
774	-58.464809651173	-34.6293340810077	Compañia Financiera Argentina	Sucursal - Flores	4619-1885		RIVADAVIA	7053			Flores	7	1406	C1406GMA
772	-58.4411541746044	-34.6202980712596	Compañia Financiera Argentina	Sucursal - Primera Junta	4903-9998		RIVADAVIA	5383			Caballito	6	1424	C1424CEI
748	-58.4607714089778	-34.6283582220155	Banco Comafi	Sucursal - Flores	4633-0440		RIVADAVIA	6770			Flores	7	1406	C1406GLX
742	-58.4400334280873	-34.6199765879393	Banco Comafi	Sucursal - Caballito	4901-4434		RIVADAVIA	5288			Caballito	6	1424	C1424CEU
696	-58.4025878880936	-34.610011732839	Banco Itau	Sucursal 023 - Once	4953-8514/4953-8516/4951-5380		RIVADAVIA	2556			Balvanera	3	1034	C1034ACR
686	-58.4649266344705	-34.6296046764259	Banco Itau	Sucursal 020 - Flores	4613-0306		RIVADAVIA	7060			Flores	7	1406	C1406GMN
681	-58.4318582953858	-34.6161705298806	Banco Itau	Sucursal 047 - Parque Rivadavia	4901-3455/4901-3462/4901-3465		RIVADAVIA	4715			Caballito	6	1424	C1424CEC
680	-58.4404848907966	-34.6200012716118	Banco Itau	Sucursal 011 - Caballito	4904-1003/4904-1004/4904-1005		RIVADAVIA	5315			Caballito	6	1424	C1424CEI
643	-58.4300974477172	-34.6155706881919	Banco Credicoop Cooperativo Limitado	Sucursal 225 - Caballito	4904-3135		RIVADAVIA	4600			Caballito	6	1424	C1424CEN
635	-58.4455664629308	-34.6221072362905	Hsbc Bank Argentina S. A.	Sucursal - Agencia General Caballito	4433-5432		RIVADAVIA	5673			Caballito	6	1424	C1424CEL
620	-58.4013278820986	-34.6099279662066	Hsbc Bank Argentina S. A.	Sucursal -Once	4953-1947/4952-4001/4952-4002		RIVADAVIA	2470			Balvanera	3	1034	C1034ACQ
614	-58.5223560768096	-34.6389722825143	Hsbc Bank Argentina S. A.	Sucursal - Liniers	4641-2081/4641-3656		RIVADAVIA	11200			Liniers	9	1408	C1408AAY
608	-58.4591755966989	-34.6277705461	Hsbc Bank Argentina S. A.	Sucursal - Flores	4631-5317/4633-3573/4633-3574/4633-3575		RIVADAVIA	6626			Flores	7	1406	C1406GLW
601	-58.4391558090102	-34.6194107222364	Hsbc Bank Argentina S. A.	Sucursal - Caballito	4901-4215/4901-3960/4903-6388/4903-6390		RIVADAVIA	5201			Caballito	6	1424	C1424CEH
595	-58.4220511791509	-34.6118378527912	Hsbc Bank Argentina S. A.	Sucursal - Almagro	4981-3325/4981-4769/4982-3133		RIVADAVIA	3977			Almagro	5	1204	C1204AAE
588	-58.524265363588	-34.6390826416489	Banco Columbia	Sucursal - Liniers	4644-0502/4644-0503/4644-0504/4644-0505		RIVADAVIA	11342			Liniers	9	1408	C1408ABN
587	-58.4565030970185	-34.6264984047571	Banco Columbia	Sucursal - Flores	4632-5041/4631-9584		RIVADAVIA	6391			Flores	7	1406	C1406GLG
564	-58.5221352079945	-34.6389853293096	Banco Macro	Sucursal - Liniers			RIVADAVIA	11178			Liniers	9	1408	C1408AAY
562	-58.4546469810289	-34.6257837545254	Banco Macro	Sucursal - Flores Este			RIVADAVIA	6241			Flores	7	1406	C1406GLF
557	-58.439871304413	-34.6197283377688	Banco Macro	Sucursal - Caballito			RIVADAVIA	5273			Caballito	6	1424	C1424CEH
533	-58.5262234654348	-34.6392337936703	Banco Supervielle	Sucursal - Liniers	4642-8271/4642-6378/4642-7960	liniers@supervielle.com.ar	RIVADAVIA	11494			Liniers	9	1408	C1408ABO
531	-58.4680843576695	-34.6301875688053	Banco Supervielle	Sucursal - Flores	4611-3666	SucursalFlores@supervielle.com.ar	RIVADAVIA	7275			Flores	7	1406	C1406GMC
530	-58.4570475263006	-34.6267189012589	Banco Supervielle	Sucursal - Flores	4634-0814/4634-0815/4634-0816/4634-0817	flores@supervielle.com.ar	RIVADAVIA	6411			Flores	7	1406	C1406GLH
509	-58.5011704735861	-34.6375755434979	Banco Santander Rio	Sucursal 166 - Villa Luro	4110-7300		RIVADAVIA	9711			Villa Luro	10	1407	C1407DZG
469	-58.5215590578881	-34.6390193610993	Banco Santander Rio	Sucursal 15 - Liniers	4016-5100		RIVADAVIA	11120			Liniers	9	1408	C1408AAY
466	-58.4627997411577	-34.6289596586054	Banco Santander Rio	Sucursal 167 - Flores	4110-7400		RIVADAVIA	6902			Flores	7	1406	C1406GLZ
451	-58.4385860272741	-34.6191556672069	Banco Santander Rio	Sucursal 47 - Caballito	4118-1300		RIVADAVIA	5173			Caballito	6	1424	C1424CEG
443	-58.4271437370347	-34.614260649589	Banco Santander Rio	Sucursal 55 - San Carlos	4118-1800		RIVADAVIA	4364			Almagro	5	1205	C1205AAQ
382	-58.5222441360727	-34.6389788948836	Bbva Banco Frances	Sucursal 318 - Liniers	4642-0219/4641-6831/4641-9537/4641-0739		RIVADAVIA	11190			Liniers	9	1408	C1408AAY
376	-58.4576422367796	-34.6269634360477	Bbva Banco Frances	Sucursal 126 - Flores	4631- 0113/4631-4690/4631-4851/4631-0519		RIVADAVIA	6483			Flores	7	1406	C1406GLH
370	-58.440140943746	-34.6200243143113	Bbva Banco Frances	Sucursal 124 - Caballito	4901-6578/4902-5528/4903-8447		RIVADAVIA	5300			Caballito	6	1424	C1424CEU
362	-58.4029784506481	-34.6098763080802	Bbva Banco Frances	Sucursal 301 - Balvanera	4951-9035/4951- 9438/4952-6460/4953-5506		RIVADAVIA	2577			Balvanera	3	1034	C1034ACE
359	-58.4231001549889	-34.6122972560651	Bbva Banco Frances	Sucursal 117 - Almagro	4958- 6293/4958-6307/4981-0996 /4981- 5919		RIVADAVIA	4059			Almagro	5	1205	C1205AAA
348	-58.4345631805429	-34.6173695992508	Citibank	Sucursal - Parque Rivadavia			RIVADAVIA	4917			Caballito	6	1424	C1424CEE
343	-58.4631138459089	-34.6290494563225	Citibank	Sucursal - Flores			RIVADAVIA	6928			Flores	7	1406	C1406GLZ
341	-58.4526336532198	-34.6251783224701	Citibank	Sucursal - Caballito			RIVADAVIA	6130			Caballito	6	1406	C1406GLR
315	-58.4555669776939	-34.6263173680807	Standard Bank	Sucursal 507 - Flores	4631-8478/4631-0089/4631-0080/4633-2108/4633-2107		RIVADAVIA	6312			Flores	7	1406	C1406GLT
309	-58.4394642698781	-34.6197239352239	Standard Bank	Sucursal 542 - Caballito	4902-9695/4902-0244/4901-8672/4904-1601		RIVADAVIA	5234			Caballito	6	1424	C1424CEU
275	-58.4402452783821	-34.6200699670782	Banco Galicia	Sucursal 136 - Caballito	4903-3761/4903-6333/4903-2897		RIVADAVIA	5306			Caballito	6	1424	C1424CEV
239	-58.5213580776028	-34.639031231989	Banco Galicia	Sucursal 14 - Liniers	4641-5815/4641-4899/4641-4393		RIVADAVIA	11102			Liniers	9	1408	C1408AAY
233	-58.4186143219049	-34.611111921517	Banco Galicia	Sucursal 07 - Boedo	4982-3379/4982-1011/4982-2179		RIVADAVIA	3702			Almagro	5	1204	C1204AAP
232	-58.46587215102	-34.6296192814988	Banco Galicia	Sucursal 06 - Flores	4611-6683/4611-5548/4613-9113		RIVADAVIA	7121			Flores	7	1406	C1406GMB
212	-58.5241718068538	-34.6390745703254	Banco Patagonia	Sucursal 236 - Liniers	4643-1155/4642-2916/4644-1726		RIVADAVIA	11334			Liniers	9	1408	C1408ABN
206	-58.4604398437485	-34.6282454514357	Banco Patagonia	Sucursal 22 - Flores	4632-4788/4632-5800		RIVADAVIA	6744			Flores	7	1406	C1406GLX
187	-58.4234602209403	-34.6126306873458	Banco Patagonia	Sucursal 311 - Almagro	4981-4876/4981-3848/4981-2637		RIVADAVIA	4100			Almagro	5	1205	C1205AAN
175	-58.4828955074412	-34.6341741468595	Banco De La Provincia De Buenos Aires	Sucursal 15 - Floresta	4671-9282/4672-7611		RIVADAVIA	8456			Velez Sarsfield	10	1407	C1407DYT
152	-58.4615954504538	-34.6286170202248	Banco De La Provincia De Buenos Aires	Sucursal 5 - Flores	4611-1099/4612-5766/4612-4316/4637-3540/4637-7626		RIVADAVIA	6824			Flores	7	1406	C1406GLY
147	-58.436884950384	-34.6184004524973	Banco De La Provincia De Buenos Aires	Sucursal 18 - Caballito	4901-2382/4901-5313/4902-3022/4902-5203/		RIVADAVIA	5025			Caballito	6	1424	C1424CEF
142	-58.4063862726668	-34.6102318589519	Banco De La Provincia De Buenos Aires	Sucursal 4 - Plaza Miserere	4861-7595/4861-7148/4861-7590/4861-7594/4864-6914		RIVADAVIA	2828			Balvanera	3	1203	C1203AAN
135	-58.508100460367	-34.6386665454196	Banco De La Nacion Argentina	Sucursal - Villa Luro	4635-1940		RIVADAVIA	10249			Villa Luro	10	1408	C1408AAC
127	-58.4865493093726	-34.6348479659886	Banco De La Nacion Argentina	Sucursal - Floresta	4671-1293		RIVADAVIA	8699			Velez Sarsfield	10	1407	C1407DYI
93	-58.520494621172	-34.639074851762	Banco De La Nacion Argentina	Sucursal - Liniers	4641-4374		RIVADAVIA	11078			Liniers	9	1408	C1408AAX
91	-58.4640914459241	-34.6292457787877	Banco De La Nacion Argentina	Sucursal - Flores	4612-3188		RIVADAVIA	7000			Flores	7	1406	C1406GLZ
82	-58.438839887407	-34.6192683666551	Banco De La Nacion Argentina	Sucursal - Caballito	4902-3755		RIVADAVIA	5199			Caballito	6	1424	C1424CEG
76	-58.4068626387626	-34.6102646358218	Banco De La Nacion Argentina	Sucursal - Plaza Miserere	4860-7401		RIVADAVIA	2856			Balvanera	3	1203	C1203AAN
73	-58.4187895101772	-34.6111261465896	Banco De La Nacion Argentina	Sucursal - Bulnes	4958-6928		RIVADAVIA	3726			Almagro	5	1204	C1204AAP
514	-58.3998562218245	-34.6098200600728	Banco Supervielle	Sucursal - Balvanera	4115-5377/4115-5378/5648-0080/5648-0081/5648-0082	SucursalBalvanera@supervielle.com.ar	RIVADAVIA AV	2362			Balvanera	3	1034	C1034ACP
227	-58.3994499370296	-34.6097885685224	Banco Galicia	Sucursal 01 - Balvanera	4951-7382/4951-5668/4951-8128/4951-8616		RIVADAVIA AV	2330			Balvanera	3	1034	C1034ACP
64	-58.3893121364659	-34.6090108717134	Banco Ciudad De Buenos Aires	Sucursal 40 - Congreso	4383-0794/4383-0802	suc40@bancociudad.com.ar	RIVADAVIA AV.	1601			San Nicolas	1	1033	C1033AAG
27	-58.401425026845	-34.6097987794857	Banco Ciudad De Buenos Aires	Sucursal 22 - Once	4320-6264/4320-6261	suc22@bancociudad.com.ar	RIVADAVIA AV.	2479			Balvanera	3	1034	C1034ACD
23	-58.4673241511648	-34.6302358751189	Banco Ciudad De Buenos Aires	Anexo Flores	4611-9860/4611-6807		RIVADAVIA AV.	7236			Flores	7	1406	C1406GMP
22	-58.4630084387868	-34.6290193221601	Banco Ciudad De Buenos Aires	Sucursal 18 - Flores	4612-5264/4612-4933	suc18@bancociudad.com.ar	RIVADAVIA AV.	6920			Flores	7	1406	C1406GLZ
14	-58.51981681634	-34.6389019424253	Banco Ciudad De Buenos Aires	Sucursal 13 - Liniers	4641-8959/4641-1503	suc13@bancociudad.com.ar	RIVADAVIA AV.	11059			Liniers	9	1408	C1408AAK
3	-58.4673241511648	-34.6302358751189	Banco Ciudad De Buenos Aires	Sucursal 03 - Flores	4612-0509/4611-8151		RIVADAVIA AV.	7232			Flores	7	1406	C1406GMP
647	-58.4621066153196	-34.6302980848895	Banco Credicoop Cooperativo Limitado	Sucursal 65 - Flores Centro	4613-1079		RIVERA INDARTE	112			Flores	7	1406	C1406DXD
289	-58.3740499124454	-34.6097301569033	Banco Galicia	Sucursal 216 - Diagonal Sur	4343-9271/4343-9273/4343-9276		ROCA JULIO A PRESIDENTE AV	538			Monserrat	1	1067	C1067ABN
62	-58.4553384852278	-34.6847127152894	Banco Ciudad De Buenos Aires	Anexo C.G.P. Nº 8	4605-1659/4605-1577		ROCA, CNEL. AV.	5252			Villa Riachuelo	8	1439	C1439DVN
411	-58.4059855352029	-34.636025458182	Bbva Banco Frances	Sucursal 12 - Parque Patricios	4943-4429/4943-4741/4943-4802/4308-3012/4308-2011		RONDEAU	3002			Parque Patricios	4	1262	C1262ABP
773	-58.4164834336733	-34.6511241530546	Compañia Financiera Argentina	Sucursal - Pompeya	4919-8360		SAENZ AV	945			Nueva Pompeya	4	1437	C1437DOB
625	-58.4162333937271	-34.6547720744561	Hsbc Bank Argentina S. A.	Sucursal - Pompeya	4911-3110/4911-3603/4911-5817/4911-7243/4912-6361		SAENZ AV	1202			Nueva Pompeya	4	1437	C1437DOR
401	-58.4161922984483	-34.6537712283728	Bbva Banco Frances	Sucursal 10 - Nueva Pompeya	4911-6306/4911-0010/4911-2134/4912-0079		SAENZ AV	1146			Nueva Pompeya	4	1437	C1437DOQ
65	-58.4161886629854	-34.6525036084531	Banco Ciudad De Buenos Aires	Sucursal 42 - Pompeya	4912-2908/4912-2811	suc42@bancociudad.com.ar	SAENZ AV	1016			Nueva Pompeya	4	1437	C1437DOP
503	-58.3785747946104	-34.6053300481784	Banco Santander Rio	Sucursal 168 - Diagonal Norte	4118-6500		SAENZ PEÑA ROQUE	844			San Nicolas	1	1035	C1035AAQ
285	-58.3784574004294	-34.6052817603231	Banco Galicia	Sucursal 175 - Diagonal Norte	4327-2862/4327-2542/4327-2540		SAENZ PEÑA ROQUE	865			San Nicolas	1	1035	C1035AAD
157	-58.3784024561749	-34.6054205087814	Banco De La Provincia De Buenos Aires	Anexo Rentas De La Provincia De Buenos Aires			SAENZ PEÑA ROQUE	832			San Nicolas	1	1035	C1035AAQ
70	-58.3741694903989	-34.6075248342404	Banco Ciudad De Buenos Aires	Sucursal 52 - Plaza De Mayo	4334-4318/4343-3153	suc52@bancociudad.com.ar	SAENZ PEÑA ROQUE	541			San Nicolas	1	1035	C1035AAA
744	-58.3762050013001	-34.6066804420991	Banco Comafi	Sucursal - Casa Central	4347-0400		SAENZ PEÑA, ROQUE	660			San Nicolas	1	1035	C1035AAO
478	-58.4032994345106	-34.5747566218204	Banco Santander Rio	Sucursal 194 - Paseo Alcorta	4116-4000		SALGUERO JERONIMO	3212			Palermo	14	1425	C1425DFQ
475	-58.4078490423271	-34.5798053330658	Banco Santander Rio	Sucursal 208 - Plaza Alemania	4110-6100		SALGUERO JERONIMO	2727			Palermo	14	1425	C1425DEL
473	-58.3833611845103	-34.610105501042	Banco Santander Rio	Sucursal 176 - Alsina	4118-3600		SALTA	132			Monserrat	1	1074	C1074AAD
634	-58.403030794875	-34.623803404774	Hsbc Bank Argentina S. A.	Sucursal - Drive In Centro	4308-5929		SAN JUAN	2743			San Cristobal	3	1232	C1232AAJ
497	-58.4037782676565	-34.6240618728601	Banco Santander Rio	Sucursal 34 - San Cristobal	4116-7400		SAN JUAN	2812			San Cristobal	3	1232	C1232AAX
424	-58.4016051415964	-34.6237947505172	Bbva Banco Frances	Sucursal 308 - San Cristobal	4941-4281/4941-4631/4942-4428/4942-6647		SAN JUAN	2654			San Cristobal	3	1232	C1232AAV
369	-58.4159909665212	-34.6253390330361	Bbva Banco Frances	Sucursal 4 - Boedo	4931-1606/4931-8598/4931-8757/4931-2163		SAN JUAN	3599			Boedo	5	1233	C1233ABF
228	-58.4090368588909	-34.6245355145366	Banco Galicia	Sucursal 02 - San Cristobal	4932-8177/4931-1614/4932-8208/4957-4397		SAN JUAN	3101			San Cristobal	3	1233	C1233ABB
190	-58.4253655768771	-34.6268821172137	Banco Patagonia	Sucursal 27 - Av. San Juan	4923-8714/4923-0966		SAN JUAN	4300			Boedo	5	1233	C1233ABZ
119	-58.4051090871133	-34.6240588952959	Banco De La Nacion Argentina	Sucursal - San Cristobal (C.F.)	4941-1860		SAN JUAN	2867			San Cristobal	3	1232	C1232AAK
759	-58.3731867322431	-34.5929646256025	Banco Piano	Sucursal - Sheraton	4318-9000	echegole@piano.com.ar	SAN MARTIN	1225			Retiro	1	1104	C1104AKC
757	-58.3737762879219	-34.603932300253	Banco Piano	Sucursal - Casa Central	4325-6562/4326-9004/4326-2463/4325-0472/4325-0473	Paolof@piano.com.ar	SAN MARTIN	345			San Nicolas	1	1004	C1004AAG
712	-58.5149296555921	-34.5904200501204	Banco Itau	Sucursal 071 - Villa Devoto	4501-8558/4501-8421/4502-1002		SAN MARTIN	7195			Villa Devoto	11	1419	C1419ICI
610	-58.3741903323143	-34.5989984339272	Hsbc Bank Argentina S. A.	Sucursal - Jorge Luis Borges	4312-4806/4312-4807		SAN MARTIN	768	SHOPPING GALERIAS PACIFICO		San Nicolas	1	1004	C1004AAP
584	-58.3737694178172	-34.6040715902523	Banco De Corrientes	Sucursal 15 - Buenos Aires	4394 -7020/4349-7125		SAN MARTIN	333			San Nicolas	1	1004	C1004AAG
579	-58.3739874381237	-34.6015112254338	Banco Regional De Cuyo	Sucursal - Capital Federal	4013-1100/4013-1112		SAN MARTIN	554			San Nicolas	1	1004	C1004AAL
536	-58.3737258015599	-34.606076587949	Banco Supervielle	Sucursal - Buenos Aires	4340-3000	sucursal001@supervielle.com.ar	SAN MARTIN	176			San Nicolas	1	1004	C1004AAD
354	-58.496368184799	-34.5969368625458	Citibank	Sucursal - Villa Del Parque			SAN MARTIN	5644			Villa Del Parque	11	1417	C1417DTQ
265	-58.373929034256	-34.601335597245	Banco Galicia	Sucursal 68 - Microcentro San Martin	4322-7035/4327-2594/4327-2598/4327-2640		SAN MARTIN	577			San Nicolas	1	1004	C1004AAK
238	-58.4976674125178	-34.5968854549394	Banco Galicia	Sucursal 12 - Villa Del Parque	4502-7686/4502-7755/4502-7770/4502-7894		SAN MARTIN	5702			Villa Devoto	11	1419	C1419IBN
221	-58.5114884110415	-34.5914492606552	Banco Patagonia	Sucursal 107 - Villa Devoto	4571-0705/4571-6797/4574-1815		SAN MARTIN	6933			Villa Devoto	11	1419	C1419ICG
178	-58.5099286464972	-34.5919855581144	Banco De La Provincia De Buenos Aires	Sucursal 28 - Villa Devoto	4572-7185/4572-4143/4574-0386/4573-0676		SAN MARTIN	6827			Villa Devoto	11	1419	C1419ICF
156	-58.3736348625	-34.6063617625915	Banco De La Provincia De Buenos Aires	Casa Central - Sucursal Buenos Aires			SAN MARTIN	137			San Nicolas	1	1004	C1004AAC
117	-58.3742439090553	-34.5969990737838	Banco De La Nacion Argentina	Sucursal - Plaza San Martin	4328-3333		SAN MARTIN	927			Retiro	1	1004	C1004AAS
114	-58.3741932576769	-34.5942087009993	Banco De La Nacion Argentina	Sucursal - Catalinas	4314-8388		SAN MARTIN	1157			Retiro	1	1004	C1004AAW
622	-58.4648014038424	-34.6027751503837	Hsbc Bank Argentina S. A.	Sucursal - Paternal	4581-0982/4581-7388/4581-7726		SAN MARTIN AV	2799			Paternal	15	1416	C1416CSC
412	-58.4608045479764	-34.6037884209209	Bbva Banco Frances	Sucursal 38 - Paternal	4581-0918/4581-1841/4581-9553/4582-5211		SAN MARTIN AV	2349			Paternal	15	1416	C1416CRL
281	-58.4644996773024	-34.6030604207431	Banco Galicia	Sucursal 158 - Paternal	4583-3405/4581-5168/4585-2742		SAN MARTIN AV	2800			Villa Gral. Mitre	11	1416	C1416CSP
110	-58.4617291657001	-34.6037690377243	Banco De La Nacion Argentina	Sucursal - Paternal	4581-3765		SAN MARTIN AV	2402			Villa Gral. Mitre	11	1416	C1416CRZ
63	-58.4472839861848	-34.6074406635716	Banco Ciudad De Buenos Aires	Sucursal 29 - Cid Campeador	4582-4379/4582-8425	suc29@bancociudad.com.ar	SAN MARTIN AV.	1242			Caballito	6	1416	C1416CRN
671	-58.5078569212754	-34.6093793975623	Banco Credicoop Cooperativo Limitado	Sucursal 27 - Villa Devoto	4639-4727		SANABRIA	2963			Villa Devoto	11	1417	C1417AZQ
741	-58.4204096875336	-34.5822074660724	Banco Comafi	Sucursal - Botanico	4832-5842		SANTA FE	4018			Palermo	14	1425	C1425BHP
739	-58.4058196478938	-34.5929004728778	Banco Comafi	Sucursal - Barrio Norte	4823-3119		SANTA FE	2762			Recoleta	2	1425	C1425BGP
729	-58.3795966970588	-34.5952774550511	Bnp Paribas	Sucursal - Plaza San Martin	4891-4800		SANTA FE	880			Retiro	1	1059	C1059ABP
706	-58.3788545993779	-34.5950507854143	Banco Itau	Sucursal 051 - Pza. San Martin	4311-9876		SANTA FE	831			Retiro	1	1059	C1059ABC
704	-58.4066897399662	-34.5919428817268	Banco Itau	Sucursal 065 - Barrio Norte	4825-2565/4825-9022/4826-0199		SANTA FE	2867			Recoleta	2	1425	C1425BGD
697	-58.4117659863624	-34.5878152840219	Banco Itau	Sucursal 004 - Alto Botanico	4824-4100/4824-8365		SANTA FE	3315			Palermo	14	1425	C1425BGI
627	-58.4130826994652	-34.5871623094756	Hsbc Bank Argentina S. A.	Sucursal - Salguero	4825-0228/4825-0465/4825-0471/4825-0636/4826-9380		SANTA FE	3400			Palermo	14	1425	C1425BGV
598	-58.400171502919	-34.5949612951191	Hsbc Bank Argentina S. A.	Sucursal - Barrio Norte	4824-6214/4822-0317/4822-6452		SANTA FE	2321			Recoleta	2	1123	C1123AAF
593	-58.4091385306239	-34.5897262835287	Hsbc Bank Argentina S. A.	Sucursal - Alto Palermo	4824-3003/4821-4610/4821-4685		SANTA FE	3117			Recoleta	2	1425	C1425BGG
577	-58.394364809106	-34.5957444783947	Banco Hipotecario	Sucursal - Barrio Norte	4813-2436		SANTA FE	1883			Recoleta	2	1123	C1123AAA
568	-58.3780766637515	-34.5951452039104	Banco Macro	Sucursal - Plaza San Martin			SANTA FE	784			Retiro	1	1059	C1059ABO
553	-58.3988523486383	-34.5954055078141	Banco Macro	Sucursal - Barrio Norte			SANTA FE	2220			Recoleta	2	1123	C1123AAR
542	-58.4077758708292	-34.5911661616597	Banco Supervielle	Sucursal - Palermo Norte	5554-5950	SucursalPalermoNorte@supervielle.com	SANTA FE	2974			Recoleta	2	1425	C1425BGR
541	-58.4097223148966	-34.5894652493481	Banco Supervielle	Sucursal - Altos De Palermo	4824-5680/4824-5602/4822-2127	altosdepalermo@supervielle.com.ar	SANTA FE	3164			Recoleta	2	1425	C1425BGT
540	-58.4238197005255	-34.5793242299566	Banco Supervielle	Sucursal - Palermo	5787 - 0776	virtual@supervielle.com.ar	SANTA FE	4453			Palermo	14	1425	C1425BHG
490	-58.398608433694	-34.5952904791667	Banco Santander Rio	Sucursal 163 - Barrio Norte	4118-6400		SANTA FE	2201			Recoleta	2	1123	C1123AAE
486	-58.3877952410327	-34.5958298841651	Banco Santander Rio	Sucursal 29 - Av. Santa Fe	4118-0500		SANTA FE	1450			Recoleta	2	1060	C1060ABN
479	-58.4154320781254	-34.585388840201	Banco Santander Rio	Sucursal 196 - Botanico	4118-6900		SANTA FE	3655			Palermo	14	1425	C1425BGL
477	-58.4104576983592	-34.5889066295091	Banco Santander Rio	Sucursal 191 - Alto Palermo	4118-4000		SANTA FE	3228			Palermo	14	1425	C1425BGU
476	-58.4085357678052	-34.5902326549939	Banco Santander Rio	Sucursal 31 - Guadalupe	4110-1900		SANTA FE	3077			Recoleta	2	1425	C1425BGF
454	-58.4280576753515	-34.5777708563668	Banco Santander Rio	Sucursal 384 - Plaza Italia	4118-8600		SANTA FE	4846			Palermo	14	1425	C1425BHX
421	-58.3792045318442	-34.5950815768417	Bbva Banco Frances	Sucursal 116 - Retiro	4311-1870/4311-4363/4312-7922/4315-8308		SANTA FE	861			Retiro	1	1059	C1059ABC
414	-58.3905169576898	-34.5958970770378	Bbva Banco Frances	Sucursal 17 - Recoleta	4811-3863/4815-6564/4815-6567/4812-8567		SANTA FE	1630			Recoleta	2	1060	C1060ABP
409	-58.3977105657481	-34.5954317532794	Bbva Banco Frances	Sucursal 332 - Palermo	4821-1452/4826-9633/4826-8677/4827-1660		SANTA FE	2121			Recoleta	2	1123	C1123AAD
406	-58.4048663061103	-34.5934056488082	Bbva Banco Frances	Sucursal 165 - Palermo	4824-3015/4826-8116/4826-8354/4826-8408		SANTA FE	2699			Recoleta	2	1425	C1425BGB
403	-58.4300467159016	-34.57717410538	Bbva Banco Frances	Sucursal 26 - Palermo	4773-4868/4773-8327/4773-3191/4777-9280/4777-9281		SANTA FE	5000			Palermo	14	1425	C1425BHY
351	-58.3835339515118	-34.5956149740496	Citibank	Sucursal - Torre			SANTA FE	1146			Retiro	1	1059	C1059ABS
338	-58.4032810189937	-34.5942692108934	Citibank	Sucursal - Barrio Norte			SANTA FE	2570			Recoleta	2	1425	C1425BGN
337	-58.3906080232633	-34.5958986972285	Citibank	Sucursal - Av. Santa Fe			SANTA FE	1634			Recoleta	2	1060	C1060ABP
334	-58.4097968919364	-34.5894024209316	Citibank	Sucursal - Altos De Palermo			SANTA FE	3168			Recoleta	2	1425	C1425BGT
326	-58.3808560279525	-34.5953900317649	Standard Bank	Sucursal 866 - Plaza San Martin	4326-5859/4326-6323/4325-6518/4325-6628		SANTA FE	964			Retiro	1	1059	C1059ABQ
321	-58.4136432649253	-34.5867854195497	Standard Bank	Sucursal 509 - Palermo	4821-7448/4822-6695/4823-9230		SANTA FE	3440			Palermo	14	1425	C1425BGW
320	-58.4118427878589	-34.5879810497383	Standard Bank	Sucursal 905 - Alto Palermo	4827-2662/4827-2827/4827-2989/4827-2866		SANTA FE	3316			Palermo	14	1425	C1425BGV
304	-58.39936668199	-34.5951411548564	Standard Bank	Sucursal 540 - Santa Fe	4825-7652/4825-8839/4827-5402		SANTA FE	2265			Recoleta	2	1123	C1123AAE
296	-58.4064075919669	-34.5921846510842	Banco Galicia	Sucursal 314 - Estacion Aguero	4822-9415/4823-1626		SANTA FE	2835			Recoleta	2	1425	C1425BGD
263	-58.4159566299481	-34.5850426349726	Banco Galicia	Sucursal 66 - Jardin Botanico	4511-5900/4511-5901/4511-5902		SANTA FE	3701			Palermo	14	1425	C1425BGM
261	-58.3859188318997	-34.5956067060469	Banco Galicia	Sucursal 39 - Barrio Norte	4811-1400/4811-0546/4811-1417/4811-0975		SANTA FE	1301			Retiro	1	1059	C1059ABH
218	-58.4085474835023	-34.5904536667699	Banco Patagonia	Sucursal 17 - Palermo	4822-5327/4825-3382		SANTA FE	3060			Recoleta	2	1425	C1425BGS
196	-58.4161501049563	-34.5849143836527	Banco Patagonia	Sucursal 106 - Botanico	4832-5012/4833-0671		SANTA FE	3725			Palermo	14	1425	C1425BGM
169	-58.3949101214	-34.5958776737583	Banco De La Provincia De Buenos Aires	Sucursal 2 - Riobamba	4819-9100/4819-9103/4819-9101/4819-9104		SANTA FE	1902			Recoleta	2	1123	C1123AAO
163	-58.4194114428257	-34.5828938176714	Banco De La Provincia De Buenos Aires	Sucursal 14  - Palermo	4832-6005/4832-6111/4832-2395/4833-4588		SANTA FE	3958			Palermo	14	1425	C1425BHO
112	-58.3999750282601	-34.5950139208929	Banco De La Nacion Argentina	Sucursal - Azcuenaga	4822-1683		SANTA FE	2299			Recoleta	2	1123	C1123AAE
107	-58.4215045432391	-34.5814899188156	Banco De La Nacion Argentina	Sucursal - Palermo	4774-0323		SANTA FE	4162			Palermo	14	1425	C1425BHQ
16	-58.4034857713531	-34.5942206051364	Banco Ciudad De Buenos Aires	Sucursal 15 - Barrio Norte	4823-5989/4823-0891	suc15@bancociudad.com.ar	SANTA FE AV.	2600			Recoleta	2	1425	C1425BGN
230	-58.3845800794116	-34.6138167338369	Banco Galicia	Sucursal 04 - Monserrat	4381-2696/4381-5466		SANTIAGO DEL ESTERO	446			Monserrat	1	1075	C1075AAJ
762	-58.3780064642962	-34.6047443387825	Nuevo Banco Del Chaco S. A.	Sucursal - Buenos Aires	4325-7736/4325-5214/4325-7737/4325-7238		SARMIENTO	0		ESMERALDA	San Nicolas	1		
751	-58.4042066770332	-34.6063891080262	Banco Comafi	Sucursal - Once	4951-0796		SARMIENTO	2659			Balvanera	3	1045	C1045ABC
734	-58.3771518597433	-34.6046615229155	Banco De Tierra De Fuego	Sucursal - Buenos Aires	4325-4070/4325-4079		SARMIENTO	741			San Nicolas	1	1041	C1041AAO
733	-58.3757916592839	-34.6045768379973	Bnp Paribas	Sucursal - Sarmiento	4325-1907		SARMIENTO	641			San Nicolas	1	1041	C1041AAM
718	-58.373640096877	-34.6044845452419	Banco Mariva	Sucursal - Casa Central	0800-999-MARIVA (6274)		SARMIENTO	500			San Nicolas	1	1041	C1041AAJ
693	-58.3717191020905	-34.6042726838777	Banco Itau	Sucursal 093 - Microcentro	4325-5650/4325-9971/4325-6866/4325-7268		SARMIENTO	345			San Nicolas	1	1041	C1041AAG
673	-58.3712489276573	-34.6042926020559	Banco De Valores S. A.	Sucursal - Casa Central	4323-6900		SARMIENTO	310			San Nicolas	1	1041	C1041AAH
574	-58.377038167804	-34.6046547073408	Banco Bisel	Sucursal - Buenos Aires	4321-7800		SARMIENTO	735			San Nicolas	1	1041	C1041AAO
572	-58.3735003086887	-34.6044134298383	Banco Do Brasil	Sucursal			SARMIENTO	487			San Nicolas	1	1041	C1041AAI
566	-58.3718385416789	-34.6042823710733	Banco Macro	Sucursal - Microcentro			SARMIENTO	355			San Nicolas	1	1041	C1041AAG
558	-58.3727695458574	-34.6043562251013	Banco Macro	Sucursal - Casa Central			SARMIENTO	401			San Nicolas	1	1041	C1041AAI
537	-58.37732951611	-34.6047324758864	Banco Supervielle	Sucursal - Microcentro	4324-8597/4324-8598/4324-8599	microcentro@supervielle.com.ar	SARMIENTO	752			San Nicolas	1	1041	C1041AAP
502	-58.3760561727419	-34.6046528609147	Banco Santander Rio	Sucursal 132 - Microcentro	4018-1700		SARMIENTO	662			San Nicolas	1	1041	C1041AAN
388	-58.3722732853122	-34.6043776326659	Bbva Banco Frances	Sucursal 141 - Microcentro	4331-3541/4331-3542/4331-3543/4331-3544/4331-3545		SARMIENTO	400			San Nicolas	1	1041	C1041AAH
66	-58.3756678217206	-34.6046272126382	Banco Ciudad De Buenos Aires	Sucursal 111 - Centro	4329-8716/4329-8943	scentro@bancociudad.com.ar	SARMIENTO	630			San Nicolas	1	1041	C1041AAN
433	-58.4748526124723	-34.6779340377418	Bbva Banco Frances	Sucursal 137 - Villa Lugano	4602-3554/4602-3565/4602-4635		SAYOS	5717			Villa Lugano	8	1439	C1439CAU
698	-58.4156445158688	-34.5848952305015	Banco Itau	Sucursal 095 - Botanico	4831-9861/4831-0123		SCALABRINI ORTIZ RAUL	2524			Palermo	14	1425	C1425DBT
567	-58.4235661474982	-34.5900963372241	Banco Macro	Sucursal - Palermo			SCALABRINI ORTIZ RAUL	1729			Palermo	14	1414	C1414DOE
549	-58.4393369886997	-34.6003366157719	Banco Supervielle	Sucursal - Villa Crespo	4858-1248/4858-1249/4858-1250/4858-1251	villacrespo@supervielle.com.ar	SCALABRINI ORTIZ RAUL	249			Villa Crespo	15	1414	C1414DNC
407	-58.416438036116	-34.5853425321394	Bbva Banco Frances	Sucursal 174 - Palermo	4833-1651/4833-1685/4833-1732/4833-1756		SCALABRINI ORTIZ RAUL	2486			Palermo	14	1425	C1425DBS
250	-58.4317237034957	-34.5954763610999	Banco Galicia	Sucursal 25 - Villa Crespo	4773-1244/4777-1179/4777-0822		SCALABRINI ORTIZ RAUL	945			Villa Crespo	15	1414	C1414DNJ
781	-58.4980502742395	-34.6214237966912	Caja De Credito Floresta Luro Velez Cooperativa	Sucursal - Casa Central	4639-8550		SEGUROLA	1599			Floresta	10	1407	C1407AOE
53	-58.4980502742395	-34.6214237966912	Banco Ciudad De Buenos Aires	Sucursal 59 - Montecastro	4639-8550/4639-8552	suc59@bancociudad.com.ar	SEGUROLA AV.	1599			Floresta	10	1407	C1407AOE
69	-58.4637744022964	-34.6857360114173	Banco Ciudad De Buenos Aires	Sucursal 24 - Lugano	4605-6808/4605-0652	suc24.bancociudad.com.ar	SOLDADO DE LA FRONTERA	5243			Villa Lugano	8	1439	C1439FPG
687	-58.3538326866767	-34.6333674971275	Banco Itau	Sucursal 024 - Liniers	4644-5836/4644-5863/4644-5874		SUAREZ	44			Boca	4	1162	C1162AEB
61	-58.3787726473906	-34.6415571301622	Banco Ciudad De Buenos Aires	Anexo C.G.P. Nº 3	4301-1603/4301-4192		SUAREZ AV	2032	Piso 1		Barracas	4	1288	C1288AFD
546	-58.3801201058858	-34.5931667611943	Banco Supervielle	Sucursal - Plaza San Martin	4394-2573/4394-2578/4393-6284	plazasanmartin@supervielle.com.ar	SUIPACHA	1280			Retiro	1	1011	C1011ACB
293	-58.4642346941018	-34.5704473535925	Banco Galicia	Sucursal 245 - Belgrano R	4514-6625/4514-6626/4514-6627/4514-6628		SUPERI	1801			Belgrano	13	1430	C1430FDA
67	-58.3853773604891	-34.6021381701833	Banco Ciudad De Buenos Aires	Anexo Sucursal 05	4371-2527		TALCAHUANO	550	PB		San Nicolas	1	1013	C1013AAL
4	-58.3851301587265	-34.6032906676113	Banco Ciudad De Buenos Aires	Sucursal 05 - Talcahuano	4381-8408/4382- 9841	suc05@bancociudad.com.ar	TALCAHUANO	459			San Nicolas	1	1013	C1013AAI
713	-58.4831415856466	-34.5764619032448	Banco Itau	Sucursal 032 - Villa Urquiza	4522-2608/4522-2669/4522-2706		TRIUNVIRATO	4410			Villa Urquiza	12	1431	C1431FBU
666	-58.4771987627388	-34.5794450751781	Banco Credicoop Cooperativo Limitado	Sucursal 60 - Villa Ortuzar	4521-8664		TRIUNVIRATO	3987			Villa Ortuzar	15	1431	C1431FBC
633	-58.4853864764528	-34.5748615259347	Hsbc Bank Argentina S. A.	Sucursal - Villa Urquiza	4521-2535/9004 | 4523-4280		TRIUNVIRATO	4601			Villa Urquiza	12	1431	C1431FBJ
552	-58.4816414125208	-34.577459478398	Banco Supervielle	Sucursal - Villa Urquiza	4523-3414/4523-5024/4523-9372	villaurquiza@supervielle.com.ar	TRIUNVIRATO	4302			Villa Urquiza	12	1431	C1431FBT
512	-58.4727408534622	-34.5819676720719	Banco Santander Rio	Sucursal 367 - Avda. Triunvirato	4116-1300		TRIUNVIRATO	3633			Villa Ortuzar	15	1427	C1427AAJ
510	-58.4860346417166	-34.5746872288969	Banco Santander Rio	Sucursal 49 - Villa Urquiza	4118-1500		TRIUNVIRATO	4648			Villa Urquiza	12	1431	C1431FBW
437	-58.4810822083077	-34.577841739044	Bbva Banco Frances	Sucursal 339 - Villa Urquiza	4522-9871/4522-9986/4522-9908/4522-1661		TRIUNVIRATO	4274			Villa Urquiza	12	1431	C1431FBS
436	-58.4905382272527	-34.5709123138122	Bbva Banco Frances	Sucursal 120 - Villa Urquiza	4543-7317/4543-7783/4545-3491/4541-1641		TRIUNVIRATO	5201			Villa Urquiza	12	1431	C1431FCF
355	-58.4807872777702	-34.5778203329113	Citibank	Sucursal - Villa Urquiza			TRIUNVIRATO	4251			Villa Urquiza	12	1431	C1431FBF
332	-58.4851281710722	-34.5750155378364	Standard Bank	Sucursal 541 - Villa Urquiza	4521-1904/4521-1959/4522-4014/4524-0235/4524-0236		TRIUNVIRATO	4599			Villa Urquiza	12	1431	C1431FBI
223	-58.4752881507278	-34.5799587456661	Banco Patagonia	Sucursal 29 - Villa Urquiza	4523-6711		TRIUNVIRATO	3897			Villa Ortuzar	15	1431	C1431FBB
183	-58.4857646497675	-34.5746341760481	Banco De La Provincia De Buenos Aires	Sucursal 12 - General Urquiza	4521-4172/4521-4022/4521-1243/4522-7975		TRIUNVIRATO	4635			Villa Urquiza	12	1431	C1431FBJ
139	-58.4875575660576	-34.5734926155675	Banco De La Nacion Argentina	Sucursal - Gral. Urquiza	4521-6608		TRIUNVIRATO	4802			Villa Urquiza	12	1431	C1431FCO
25	-58.4854011560929	-34.5750654668843	Banco Ciudad De Buenos Aires	Sucursal 20 - Villa Urquiza	4521-2436/4521-8333	suc20@bancociudad.com.ar	TRIUNVIRATO AV.	4600			Villa Urquiza	12	1431	C1431FBV
780	-58.3952768144792	-34.6021862611149	Caja De Credito Universo	Sucursal - Casa Central	5080-7780		TUCUMAN	1982			Balvanera	3	1050	C1050AAN
716	-58.3777378882412	-34.6011612093968	Banco Roela	Sucursal - Buenos Aires	4394-2220		TUCUMAN	767			San Nicolas	1	1049	C1049AAO
715	-58.3784906608767	-34.6012033019691	Banco Meridian	Casa Central	4325-9533		TUCUMAN	821			San Nicolas	1	1049	C1049AAQ
386	-58.3694349521491	-34.6004773992861	Bbva Banco Frances	Sucursal 39 - Microcentro	4312-5804/4312-5812/4312-5818		TUCUMAN	101			San Nicolas	1	1049	C1049AAC
201	-58.3790626087503	-34.6012274937427	Banco Patagonia	Sucursal 317 - Calle Tucuman	4322-1517/4322-1906/4322-8001/4322-3952		TUCUMAN	865			San Nicolas	1	1049	C1049AAQ
184	-58.3690609931829	-34.6004347500968	Deutsche Bank S. A.	Edificio Republica	4590-2800/4590-2882	dbargentina@list.db.com	TUCUMAN	1	PISO 14		San Nicolas	1	1049	C1049AAA
68	-58.3857512779133	-34.6015489298385	Banco Ciudad De Buenos Aires	Anexo Sucursal 05	4373-4991/4374-5630		TUCUMAN	1353			San Nicolas	1	1050	C1050AAA
605	-58.3870569901665	-34.5963380942871	Hsbc Bank Argentina S. A.	Sucursal - Charcas / Uruguay	4814-1489/4815-1061/4815-2600/4816-4635/4816-4637		URUGUAY	1071			Retiro	1	1016	C1016ACA
519	-58.387180026512	-34.5951523429187	Banco Supervielle	Sucursal - Plaza Vicente Lopez	4811-5150/4811-7054/4813-9162	plazavtelopez@supervielle.com.ar	URUGUAY	1163			Retiro	1	1016	C1016ACC
422	-58.387036330119	-34.5966360509057	Bbva Banco Frances	Sucursal 302 - Retiro	4813-1391/4813-1505/4813-3161/4813-9094		URUGUAY	1031			Retiro	1	1016	C1016ACA
305	-58.3870739741259	-34.5960931521384	Standard Bank	Sucursal 538 - Barrio Norte	4814-1553/4814-2042/4815-1738/4815-3647/4815-3652		URUGUAY	1081			Retiro	1	1016	C1016ACA
225	-58.4116622184205	-34.6395134813312	Banco Patagonia	Centro De Atencion Comercial Hospital Churruca	4911-3976		USPALLATA	3400			Parque Patricios	4	1437	C1437JCP
778	-58.4574862193823	-34.6406112164355	C. C. C. La Capital Del Plata Ltda.	Sucursal - Casa Central	4632-2240		VARELA	1001			Flores	7	1406	C1406EKU
151	-58.4564061947176	-34.6414197667428	Banco De La Provincia De Buenos Aires	Sucursal 31 - Avenida Del Trabajo	4631-5596/4631-5142/4631-9863/4632-5796		VARELA	1122			Flores	7	1406	C1406EKX
277	-58.388610568299	-34.657477802798	Banco Galicia	Sucursal 151 - Avenida Velez Sarsfield	4302-8675/4302-8694/4301-7586/4303-1865		VELEZ SARSFIELD	1847			Barracas	4	1285	C1285AAH
754	-58.3882279229096	-34.6006937958564	Banco Comafi	Sucursal - Tribunales	4372-3955		VIAMONTE	1502			San Nicolas	1	1055	C1055ABD
709	-58.3897432136222	-34.6006804927364	Banco Itau	Sucursal 006 - Viamonte	5218-7436/4815-9620		VIAMONTE	1601			San Nicolas	1	1055	C1055ABE
658	-58.3801087756791	-34.6001481700742	Banco Credicoop Cooperativo Limitado	Sucursal 173 - Plaza	4322-3163		VIAMONTE	930			San Nicolas	1	1053	C1053ABT
629	-58.3891603442482	-34.6007331731649	Hsbc Bank Argentina S. A.	Sucursal - Tribunales	4372-4891/4372-4894/4372-4898/4372-4901		VIAMONTE	1574			San Nicolas	1	1055	C1055ABD
418	-58.3925569803605	-34.6007630931004	Bbva Banco Frances	Sucursal 305 - Recoleta	4811-0369/4811-3323/4811-4526		VIAMONTE	1799			San Nicolas	1	1055	C1055ABG
352	-58.3887962447989	-34.6007177584055	Citibank	Sucursal - Tribunales			VIAMONTE	1548			San Nicolas	1	1055	C1055ABD
329	-58.3874545686014	-34.6005811853075	Standard Bank	Sucursal 543 - Tribunales	4371-0668/4371-7117/4371-2369/4371-7149/4373-1788		VIAMONTE	1451			San Nicolas	1	1055	C1055ABA
129	-58.4549188280053	-34.5981040821681	Banco De La Nacion Argentina	Sucursal - Warnes	4581-1916		WARNES	1354			Villa Crespo	15	1416	C1416CQN
472	-58.3723920170952	-34.6090408682859	Banco Santander Rio	Sucursal 100 - Plaza De Mayo	4341-1901/4341-1905/4341-1906/4341-1910/4341-1912		YRIGOYEN HIPOLITO	402			Monserrat	1	1086	C1086AAF
97	-58.3714904086145	-34.6089735793482	Banco De La Nacion Argentina	Sucursal - Afip - Gc - Nacionales	4347-2117		YRIGOYEN HIPOLITO	350			Monserrat	1	1086	C1086AAD
226	-58.3703808117439	-34.5842989437925	Banco Patagonia	Centro De Atencion Comercial Edificio Condor	4893-2774/4312-3025		ZANNI PEDRO COMODORO	250			Retiro	1	1104	C1104AXF
